t,obs.shoulder_pan.pos,obs.shoulder_lift.pos,obs.elbow_flex.pos,obs.wrist_flex.pos,obs.wrist_roll.pos,obs.gripper.pos,cmd.shoulder_pan.pos,cmd.shoulder_lift.pos,cmd.elbow_flex.pos,cmd.wrist_flex.pos,cmd.wrist_roll.pos,cmd.gripper.pos,act.ee.x,act.ee.y,act.ee.z,act.ee.wx,act.ee.wy,act.ee.wz,act.ee.gripper_pos
0.0067,-4.484,-105.978,96.0,-102.022,-162.418,2.656,-8.279,-74.836,96.83,-95.0,-157.211,2.537,0.0284,-0.0009,0.2899,-0.5441,-0.0417,2.8845,2.5369
0.0352,-4.484,-105.89,96.0,-102.022,-162.418,2.656,-10.128,-75.273,96.83,-95.0,-157.211,1.448,0.0249,0.0021,0.2832,-0.5596,-0.0253,2.9258,1.4483
0.0685,-5.187,-105.451,96.176,-101.495,-161.89,2.656,-9.272,-74.744,96.83,-95.0,-157.211,2.186,0.0234,-0.0036,0.2819,-0.4961,-0.0274,2.9071,2.1859
0.102,-7.297,-103.516,96.352,-99.736,-160.132,2.191,-6.566,-74.576,96.83,-95.0,-157.211,2.342,0.0282,0.0039,0.2815,-0.5406,-0.0349,2.8697,2.3424
0.1457,-8.879,-99.473,96.44,-98.066,-159.077,1.992,-5.789,-73.804,96.83,-95.0,-157.211,1.128,0.0282,0.0063,0.2867,-0.5448,-0.0537,2.8802,1.128
0.169,-8.352,-93.582,96.44,-97.187,-158.462,2.058,-0.249,-73.618,96.83,-95.0,-157.211,2.285,0.0281,-0.0018,0.2815,-0.5074,-0.1156,2.828,2.2846
0.2022,-7.033,-87.429,96.44,-96.484,-158.286,1.859,-2.41,-70.315,94.37,-95.0,-157.211,1.35,0.033,-0.0011,0.2807,-0.4496,-0.089,2.8989,1.3501
0.2456,-5.275,-82.505,96.44,-96.044,-158.022,1.594,0.214,-63.466,86.404,-95.0,-157.211,0.209,0.0381,0.002,0.2896,-0.4522,-0.1015,2.8126,0.2085
0.2692,-2.901,-78.198,96.0,-95.516,-157.758,1.594,1.58,-62.526,85.506,-95.0,-157.085,1.5,0.033,0.0033,0.2865,-0.4358,-0.0998,2.7413,1.5003
0.3025,-1.495,-73.626,94.681,-95.429,-157.582,0.996,-0.19,-60.333,83.679,-95.0,-153.85,-0.016,0.0393,0.0053,0.2869,-0.351,-0.0966,2.7231,-0.0164
0.3465,-0.791,-69.143,91.956,-95.429,-157.582,0.863,3.033,-56.271,78.078,-95.0,-153.595,0.919,0.0439,-0.0028,0.2964,-0.3515,-0.0128,2.6722,0.919
0.3694,0.0,-65.538,89.319,-95.429,-156.879,0.73,1.689,-55.565,79.556,-95.0,-151.296,-0.308,0.0555,0.0015,0.2926,-0.1374,-0.0742,2.6584,-0.3082
0.4027,0.176,-62.198,86.769,-95.429,-155.385,0.664,-1.149,-53.401,75.992,-95.0,-145.084,0.283,0.0567,0.0066,0.2987,-0.1737,-0.0019,2.6045,0.2832
0.4463,0.703,-59.385,84.044,-95.429,-153.714,0.598,1.395,-50.39,72.854,-95.0,-149.068,1.071,0.0772,0.0008,0.3059,-0.0446,-0.0097,2.6311,1.0709
0.4695,0.44,-57.011,81.67,-95.429,-151.78,0.531,-2.566,-50.477,74.202,-95.0,-138.516,1.79,0.0762,0.0114,0.3035,0.0707,0.021,2.5111,1.7902
0.5033,-0.264,-54.549,79.297,-95.429,-149.319,0.797,-1.179,-52.686,79.191,-95.0,-140.739,0.688,0.1009,0.0084,0.2931,0.1847,0.0275,2.5198,0.6884
0.5475,-1.143,-52.879,77.538,-95.429,-147.033,1.129,-1.051,-52.025,78.982,-95.0,-142.662,0.303,0.1035,0.006,0.2942,0.2319,0.1393,2.5561,0.3027
0.5704,-2.022,-52.703,77.451,-95.429,-144.659,0.863,-4.388,-52.512,80.087,-95.0,-134.699,1.561,0.1214,0.0159,0.2919,0.2598,0.1139,2.4667,1.5605
0.6042,-1.582,-52.879,78.505,-95.429,-143.516,0.664,-4.185,-52.94,81.464,-95.0,-134.356,-0.424,0.1305,0.0148,0.2896,0.3077,0.1675,2.4542,-0.4241
0.6478,-1.495,-52.791,79.912,-95.429,-142.725,0.93,-4.905,-52.395,81.636,-95.0,-132.253,0.111,0.126,0.0176,0.2902,0.4,0.1739,2.4137,0.1108
0.6707,-2.725,-52.703,81.055,-95.429,-140.879,0.996,-1.221,-52.317,82.531,-95.0,-133.882,0.748,0.1449,0.0074,0.2898,0.4774,0.2519,2.3707,0.7484
0.7039,-3.78,-52.703,81.582,-95.429,-137.978,0.598,-4.697,-53.379,84.958,-95.0,-131.606,1.061,0.1435,0.0163,0.2838,0.4947,0.2712,2.3854,1.061
0.7372,-3.692,-52.703,82.286,-95.341,-135.516,0.598,-0.008,-55.057,87.01,-94.252,-129.961,0.307,0.1598,0.0061,0.2808,0.5576,0.2393,2.2608,0.3071
0.7808,-2.989,-52.791,83.78,-95.341,-133.934,0.797,-0.608,-59.973,88.468,-89.153,-129.651,-0.215,0.1622,0.0078,0.2797,0.5958,0.2435,2.2562,-0.2151
0.8042,-2.198,-53.758,85.714,-94.901,-132.879,0.531,-1.478,-65.476,91.215,-84.382,-125.434,1.298,0.1675,0.0114,0.2752,0.6324,0.2437,2.1837,1.2983
0.8382,-1.231,-55.516,87.473,-93.582,-131.648,0.332,2.784,-80.99,95.331,-69.196,-129.041,0.316,0.1783,-0.002,0.2724,0.6854,0.3299,2.1724,0.3161
0.8816,-1.143,-58.593,89.319,-90.857,-130.33,0.73,4.01,-94.284,96.83,-53.869,-125.291,0.783,0.184,-0.0039,0.2712,0.7453,0.3408,2.0659,0.7835
0.9048,-0.967,-63.077,91.78,-86.637,-129.099,0.863,3.92,-91.728,96.83,-53.337,-125.953,1.589,0.1931,-0.0034,0.2619,0.8173,0.3558,2.0575,1.5886
0.9381,0.44,-69.231,94.33,-80.132,-127.78,0.797,2.717,-100.0,96.83,-45.051,-121.563,0.608,0.1876,-0.0012,0.2643,0.8598,0.445,1.9853,0.6081
0.9714,1.934,-75.736,95.473,-73.099,-126.725,0.996,2.102,-100.0,94.066,-36.445,-121.242,2.145,0.2069,-0.0002,0.2582,0.8988,0.4656,1.9807,2.1449
1.015,2.374,-82.505,95.912,-65.451,-126.198,0.996,3.385,-84.032,90.876,-47.453,-117.723,4.933,0.2163,-0.0023,0.2543,0.9154,0.4431,1.8849,4.9332
1.0383,2.198,-88.747,95.824,-57.626,-124.527,0.863,2.171,-100.0,89.115,-27.049,-115.604,5.32,0.2155,-0.0001,0.2595,0.9376,0.5237,1.8615,5.3203
1.0723,2.462,-93.495,94.945,-50.33,-122.066,1.926,0.965,-94.358,87.701,-30.3,-109.872,7.572,0.2178,0.0036,0.2576,0.9163,0.5677,1.7817,7.5724
1.1146,2.637,-95.956,93.275,-43.736,-119.429,3.453,0.97,-69.401,86.395,-51.528,-107.735,9.741,0.2328,0.003,0.2463,0.9387,0.6111,1.7341,9.7408
1.1388,1.67,-96.132,91.604,-38.374,-116.615,4.98,1.865,-100.0,89.81,-24.645,-114.627,9.381,0.2145,-0.0001,0.2484,0.9757,0.6096,1.8406,9.3807
1.1728,1.231,-94.462,90.198,-33.89,-113.538,6.839,1.038,-79.421,82.442,-34.314,-105.721,11.423,0.2319,0.0041,0.2494,0.9682,0.6675,1.683,11.4232
1.216,1.407,-91.824,89.758,-30.462,-110.813,8.035,-0.129,-71.068,85.817,-48.137,-108.02,14.431,0.2338,0.0072,0.2424,0.9413,0.6581,1.757,14.4309
1.2396,1.319,-88.659,89.934,-28.44,-109.407,9.031,-1.254,-90.737,83.157,-20.807,-105.849,14.885,0.2299,0.0119,0.244,1.0036,0.7333,1.7028,14.8849
1.2732,0.703,-83.736,89.582,-28.0,-108.176,11.023,-1.656,-53.403,78.385,-52.45,-104.039,16.928,0.2543,0.016,0.2363,1.025,0.7111,1.6442,16.9285
1.3164,-0.088,-78.11,88.176,-28.703,-107.648,12.749,-3.537,-65.345,79.409,-39.414,-105.971,19.312,0.252,0.0202,0.2333,1.0369,0.8026,1.7194,19.3116
1.3395,-0.615,-73.275,86.505,-29.582,-106.33,14.409,-3.343,-85.742,82.341,-19.818,-103.318,20.994,0.2426,0.0223,0.2317,1.0706,0.7953,1.6296,20.9938
1.3729,-1.758,-68.879,84.747,-32.396,-105.802,16.268,-4.737,-60.586,74.335,-32.527,-102.715,22.43,0.2655,0.027,0.2231,1.1143,0.8908,1.6221,22.4299
1.4166,-2.637,-65.89,83.429,-35.121,-105.275,18.26,-5.792,-68.982,77.607,-27.458,-97.936,22.253,0.2585,0.0304,0.2204,1.0497,0.9523,1.5789,22.2526
1.4403,-3.429,-64.044,82.813,-36.44,-104.22,19.92,-7.973,-60.91,80.621,-41.565,-100.704,22.202,0.2581,0.0392,0.2162,1.0271,0.9123,1.6673,22.2023
1.4735,-4.484,-63.604,81.758,-36.264,-103.077,20.717,-7.12,-49.924,72.345,-40.274,-98.356,25.307,0.2745,0.0365,0.2161,1.0562,0.9823,1.601,25.3075
1.5169,-5.363,-63.516,81.582,-35.648,-101.758,21.116,-7.973,-54.435,74.352,-36.951,-97.912,25.702,0.2704,0.0395,0.2126,1.055,1.0092,1.6027,25.7021
1.5404,-6.418,-62.462,81.582,-35.912,-100.615,22.178,-9.26,-60.827,75.17,-30.845,-100.269,25.462,0.2655,0.0425,0.2142,1.0582,1.0489,1.6732,25.4625
1.5734,-7.297,-60.0,80.703,-36.264,-99.736,23.572,-10.376,-55.779,71.538,-28.958,-97.818,25.95,0.2732,0.0515,0.2091,1.1119,1.0575,1.5808,25.9498
1.6071,-8.264,-57.451,79.297,-35.385,-99.824,24.436,-10.855,-49.987,69.835,-34.167,-98.033,26.55,0.2778,0.0518,0.2108,1.0601,1.1001,1.6368,26.5505
1.6505,-9.055,-56.132,77.626,-33.099,-100.176,24.768,-12.944,-56.322,77.023,-34.05,-96.407,27.888,0.2663,0.0626,0.1973,1.0845,1.082,1.583,27.8885
2.1341,-13.011,-55.516,77.626,-32.923,-97.011,27.822,-8.139,-61.946,87.704,-45.408,-101.391,21.736,0.2556,0.0375,0.1964,1.0714,0.9386,1.6687,21.7359
2.1614,-12.835,-55.516,77.626,-32.923,-97.011,27.822,-9.687,-57.258,85.026,-45.726,-98.642,21.647,0.2603,0.045,0.1933,1.0461,1.0041,1.6426,21.6469
2.1945,-12.484,-56.044,78.242,-33.978,-97.451,27.291,-9.355,-53.274,80.677,-44.363,-98.259,22.58,0.267,0.0448,0.1966,1.0498,1.0257,1.6313,22.5796
2.2279,-11.341,-57.011,80.615,-36.527,-98.066,25.564,-8.216,-50.648,77.491,-41.042,-100.488,22.757,0.2736,0.0397,0.1944,1.0956,1.0713,1.6495,22.7571
2.2717,-10.374,-56.659,83.253,-39.429,-98.066,23.772,-10.558,-40.888,76.867,-51.342,-99.703,22.617,0.2762,0.0488,0.1913,1.0415,1.1061,1.6934,22.6172
2.2948,-9.582,-54.725,84.044,-41.363,-98.769,23.24,-12.462,-63.721,82.457,-30.853,-96.791,22.839,0.2596,0.0586,0.1878,1.1019,1.1006,1.5799,22.8394
2.329,-9.407,-51.209,83.516,-43.121,-99.297,23.24,-14.05,-50.243,75.843,-36.943,-95.05,22.024,0.2727,0.0678,0.1883,1.083,1.138,1.5652,22.0241
2.3726,-10.549,-47.077,82.549,-44.44,-98.769,23.174,-12.33,-30.521,74.851,-58.252,-94.468,23.469,0.283,0.0613,0.1798,1.0306,1.1174,1.5821,23.4687
2.3954,-11.956,-44.088,81.495,-44.352,-97.275,22.709,-14.023,-50.397,79.08,-41.319,-92.869,23.448,0.2691,0.0661,0.185,1.0149,1.1644,1.5704,23.4481
2.4285,-12.835,-41.451,80.0,-43.912,-96.22,22.709,-14.827,-56.395,80.294,-33.364,-94.546,24.142,0.266,0.0666,0.1804,1.0403,1.2499,1.6106,24.1421
2.4619,-13.187,-39.253,79.121,-43.209,-95.165,23.108,-14.456,-36.321,68.35,-39.92,-92.859,23.68,0.2914,0.0721,0.1786,1.0559,1.2567,1.5512,23.6799
2.5055,-13.89,-38.637,79.56,-40.923,-94.374,23.506,-16.845,-49.294,73.87,-29.894,-96.722,23.163,0.2775,0.0785,0.1745,1.1099,1.3112,1.6191,23.1633
2.5288,-13.978,-38.374,80.615,-37.846,-94.022,23.373,-16.961,-46.312,73.785,-36.481,-93.624,23.639,0.2812,0.0808,0.181,1.0287,1.2671,1.6013,23.6389
2.5629,-14.681,-37.846,80.879,-34.857,-94.286,23.307,-17.772,-64.622,81.766,-23.179,-90.35,24.678,0.264,0.0817,0.1753,1.0285,1.3167,1.514,24.6777
2.6061,-15.385,-38.549,80.264,-32.396,-94.813,23.373,-18.079,-50.41,79.73,-36.417,-90.841,24.1,0.2717,0.0847,0.1683,1.0152,1.309,1.5422,24.0998
2.6293,-16.264,-41.451,79.033,-30.286,-94.286,23.904,-18.104,-40.685,70.641,-34.029,-92.033,22.585,0.2843,0.088,0.1683,1.0653,1.3513,1.5376,22.5852
2.6632,-17.055,-45.758,78.154,-28.527,-92.791,23.971,-18.468,-39.247,70.093,-35.623,-91.454,24.327,0.2828,0.0886,0.171,1.0381,1.3594,1.5544,24.3272
2.7066,-17.67,-49.011,77.451,-28.44,-92.352,23.174,-18.038,-39.446,73.119,-39.712,-90.481,24.026,0.2788,0.0851,0.169,1.0079,1.3487,1.5576,24.0257
2.7296,-17.934,-50.418,75.868,-30.022,-92.264,23.041,-20.429,-35.713,66.823,-34.736,-91.086,23.74,0.2836,0.0972,0.1725,1.0197,1.4135,1.5727,23.7402
2.7629,-18.022,-50.066,74.549,-33.187,-91.736,23.506,-21.404,-42.167,70.643,-32.163,-92.242,24.176,0.2755,0.0979,0.1707,1.0096,1.4375,1.6186,24.1759
2.7962,-18.462,-47.868,73.495,-35.736,-91.736,23.572,-18.801,-45.953,73.523,-31.022,-91.491,24.802,0.2738,0.0885,0.1673,1.0674,1.3626,1.5294,24.8021
2.8408,-19.692,-44.703,72.44,-37.143,-92.0,23.772,-20.876,-35.203,70.868,-40.256,-90.88,24.986,0.2802,0.0987,0.1642,1.0002,1.4061,1.5859,24.9859
2.8635,-19.868,-42.33,72.527,-36.791,-92.0,24.236,-18.686,-34.461,71.175,-41.863,-89.893,25.363,0.2822,0.0918,0.1638,1.0356,1.332,1.5128,25.3633
2.8967,-20.132,-39.868,73.231,-36.088,-91.56,24.568,-20.681,-28.092,67.115,-44.614,-89.507,24.755,0.2872,0.1022,0.1657,0.9945,1.3673,1.5507,24.7548
2.9409,-19.868,-36.879,73.231,-36.176,-91.033,24.635,-20.612,-35.067,69.452,-38.437,-88.57,24.996,0.2815,0.0996,0.1642,0.9941,1.4,1.5267,24.996
2.9636,-19.604,-34.066,73.143,-37.846,-90.505,24.635,-19.823,-32.03,65.874,-37.735,-90.325,23.957,0.29,0.0974,0.1668,1.0116,1.4051,1.5596,23.9568
2.9976,-19.604,-31.692,71.912,-40.132,-89.978,24.635,-22.16,-31.959,68.225,-40.043,-93.015,25.051,0.2832,0.1054,0.1622,1.0153,1.4354,1.6361,25.0512
3.0408,-19.78,-30.901,70.769,-41.099,-90.154,24.502,-21.292,-39.063,72.472,-36.667,-89.636,25.593,0.2746,0.1003,0.1615,1.0109,1.4156,1.5418,25.5927
3.064,-19.956,-31.165,70.593,-40.659,-91.209,24.369,-19.153,-31.225,63.566,-32.119,-89.924,24.436,0.2944,0.0961,0.1586,1.0611,1.4567,1.4989,24.4363
3.0973,-20.484,-32.659,71.56,-38.901,-91.824,24.9,-20.424,-39.434,69.291,-28.028,-88.2,25.362,0.2808,0.0965,0.1533,1.0283,1.5214,1.4892,25.3617
3.1419,-20.571,-34.418,72.791,-36.352,-91.209,25.033,-22.411,-24.594,60.993,-35.014,-92.485,24.73,0.2952,0.1114,0.153,1.0678,1.517,1.5727,24.7297
3.1645,-20.132,-35.56,72.967,-33.187,-90.066,24.701,-22.569,-43.88,73.082,-28.21,-88.575,25.937,0.27,0.1033,0.1534,1.0086,1.5254,1.5213,25.937
3.1978,-20.308,-36.088,72.088,-30.901,-89.714,24.701,-21.709,-29.141,68.015,-38.894,-91.563,26.289,0.2856,0.105,0.149,1.0542,1.4799,1.5578,26.2892
3.2422,-21.187,-36.352,70.505,-29.934,-89.714,25.033,-21.808,-20.042,59.371,-39.414,-89.612,25.054,0.2998,0.1137,0.155,1.0572,1.4476,1.4914,25.0543
3.2649,-21.275,-36.527,69.626,-30.198,-90.066,25.631,-23.734,-31.06,68.273,-36.777,-89.558,25.781,0.2797,0.1145,0.1492,1.0299,1.4957,1.5236,25.7809
3.2982,-21.363,-35.56,68.923,-32.044,-90.505,25.498,-23.994,-25.3,63.72,-36.818,-89.623,25.009,0.2876,0.1195,0.1477,1.0492,1.5065,1.5059,25.0086
3.3315,-22.154,-33.363,67.956,-34.505,-90.33,25.299,-24.16,-24.012,68.242,-46.517,-91.924,24.803,0.2837,0.1161,0.1476,0.998,1.4879,1.6289,24.8033
3.3752,-22.945,-30.637,67.341,-35.824,-90.066,25.299,-23.023,-26.82,66.673,-40.199,-91.837,26.585,0.2857,0.1117,0.1488,1.0358,1.4978,1.5871,26.5851
3.3983,-23.56,-27.824,67.253,-37.231,-90.505,25.166,-23.565,-25.477,64.342,-37.733,-90.101,25.593,0.2877,0.1167,0.1468,1.038,1.5137,1.5336,25.5934
3.4316,-23.56,-25.89,67.868,-38.286,-91.121,25.299,-21.45,-30.945,69.719,-36.47,-88.605,25.765,0.2828,0.1021,0.141,1.0275,1.5405,1.5057,25.7647
3.4754,-23.56,-25.538,68.044,-37.846,-90.681,25.83,-22.767,-32.39,69.579,-34.075,-92.288,25.895,0.2794,0.1083,0.1415,1.0943,1.5321,1.5389,25.8954
3.4985,-23.033,-26.242,68.044,-36.791,-89.89,25.896,-23.159,-27.429,71.498,-45.465,-89.905,25.209,0.2786,0.1112,0.1433,1.0193,1.462,1.5453,25.2086
3.5319,-22.593,-28.176,68.484,-35.736,-89.89,25.83,-23.236,-35.999,72.448,-33.294,-89.396,24.765,0.2723,0.109,0.1403,1.0593,1.5341,1.4885,24.7653
3.5763,-22.769,-29.758,70.066,-35.209,-89.978,25.432,-22.237,-28.654,66.938,-34.461,-91.205,25.355,0.2852,0.1086,0.139,1.0956,1.5347,1.5046,25.3546
3.599,-22.857,-31.077,71.648,-34.857,-89.978,25.299,-22.878,-33.953,69.018,-30.835,-89.454,24.585,0.2785,0.1096,0.1405,1.0735,1.5479,1.4753,24.5851
3.6328,-23.033,-31.956,71.648,-34.418,-90.33,25.232,-22.143,-36.309,74.045,-33.975,-88.547,25.513,0.272,0.1038,0.1352,1.0696,1.526,1.4517,25.5131
3.6765,-22.857,-32.22,71.121,-34.066,-90.681,25.033,-24.203,-28.819,69.466,-39.068,-89.571,23.558,0.2783,0.1157,0.1407,1.0278,1.531,1.5286,23.5582
3.6993,-22.769,-32.659,71.121,-33.802,-89.978,24.967,-22.245,-25.978,67.841,-39.063,-88.993,26.206,0.2847,0.1101,0.1368,1.0713,1.5031,1.4614,26.2058
3.7325,-22.945,-32.747,71.385,-34.681,-89.538,25.033,-23.546,-29.541,70.159,-37.397,-89.325,24.224,0.2782,0.1117,0.1357,1.0391,1.5603,1.5114,24.2244
3.7659,-22.945,-31.604,71.033,-36.352,-89.538,25.299,-20.89,-28.358,67.07,-33.187,-90.515,24.428,0.2874,0.1027,0.1337,1.1142,1.5499,1.4635,24.4279
4.2217,-21.363,-28.264,69.275,-33.451,-90.242,24.635,-24.836,-33.422,74.086,-42.378,-90.283,25.023,0.2701,0.1173,0.1473,1.0162,1.4571,1.5489,25.0225
4.2509,-21.363,-28.264,69.275,-33.451,-90.242,24.635,-24.933,-37.362,75.377,-37.853,-90.444,24.628,0.2659,0.1158,0.145,1.0328,1.4929,1.539,24.6277
4.2843,-21.89,-28.615,69.538,-33.978,-90.242,24.635,-24.801,-28.776,70.07,-42.552,-92.463,25.446,0.2771,0.1204,0.1475,1.0637,1.4408,1.5606,25.4461
4.329,-23.121,-30.462,71.385,-35.648,-90.242,24.635,-24.687,-28.576,70.898,-41.608,-92.621,25.291,0.2761,0.1166,0.1404,1.0539,1.5161,1.5903,25.2912
4.3514,-23.912,-32.835,73.846,-37.67,-90.857,24.9,-24.432,-30.247,72.117,-40.66,-93.859,27.08,0.2736,0.1145,0.1392,1.0866,1.5083,1.5911,27.0801
4.3845,-24.264,-33.978,74.462,-39.429,-91.648,24.9,-24.228,-39.256,80.196,-40.957,-90.729,25.086,0.2592,0.1079,0.1378,1.0377,1.49,1.5514,25.0859
4.4185,-24.264,-33.89,74.022,-39.956,-92.527,25.564,-23.127,-43.681,77.882,-31.07,-91.56,26.525,0.2626,0.104,0.1386,1.0951,1.5189,1.5123,26.5249
4.4619,-24.264,-33.451,73.758,-39.956,-92.615,26.096,-23.472,-39.176,79.317,-38.637,-90.201,25.207,0.262,0.105,0.1351,1.0461,1.5151,1.5272,25.2072
4.485,-24.0,-33.802,74.462,-39.516,-91.912,26.096,-23.302,-29.505,70.796,-38.15,-92.395,26.009,0.2774,0.1114,0.1353,1.1049,1.5197,1.5268,26.0091
4.5184,-23.736,-35.297,76.747,-38.901,-91.297,25.83,-24.137,-36.99,75.726,-36.222,-93.799,25.674,0.2661,0.111,0.1367,1.1193,1.5033,1.5513,25.6736
4.5619,-23.385,-36.44,78.505,-38.549,-91.56,25.564,-23.145,-43.174,75.664,-28.879,-90.778,26.765,0.2661,0.1057,0.1396,1.0859,1.5337,1.5005,26.7647
4.5851,-23.56,-36.44,78.593,-37.582,-92.615,25.564,-22.094,-39.761,76.332,-34.633,-94.591,25.034,0.2691,0.1006,0.14,1.123,1.4955,1.5752,25.0336
4.6184,-23.824,-36.176,77.978,-35.385,-92.879,25.963,-20.552,-18.759,64.336,-43.231,-90.86,24.747,0.2958,0.1051,0.1382,1.084,1.5045,1.5122,24.7466
4.6622,-23.121,-36.791,77.89,-32.835,-93.055,26.162,-22.623,-22.743,68.38,-45.116,-90.463,23.771,0.2862,0.1099,0.1401,1.0284,1.5171,1.5613,23.7714
4.6853,-22.33,-37.319,77.714,-31.78,-93.143,25.498,-23.197,-30.171,68.491,-35.522,-90.047,24.658,0.2805,0.1131,0.1415,1.0782,1.5068,1.4811,24.6582
4.7186,-21.978,-36.879,76.044,-32.132,-92.088,24.701,-23.761,-30.614,73.239,-40.365,-90.321,24.566,0.2727,0.1135,0.1346,1.0831,1.4879,1.48,24.5659
4.7626,-22.505,-35.033,73.67,-33.626,-91.297,24.701,-23.032,-36.983,80.388,-42.905,-91.106,24.439,0.263,0.1034,0.1331,1.0516,1.493,1.5474,24.4391
4.7855,-23.033,-32.835,72.352,-35.824,-91.209,24.701,-24.236,-32.745,75.027,-42.031,-89.125,22.951,0.2681,0.1146,0.1388,1.0476,1.4602,1.4864,22.9507
4.8188,-23.209,-31.604,72.879,-38.462,-91.209,24.701,-24.708,-44.716,83.083,-36.02,-91.398,23.592,0.2516,0.1078,0.1332,1.0742,1.5207,1.5302,23.5925
4.8521,-23.385,-31.692,74.549,-39.956,-90.681,23.971,-23.576,-39.466,73.16,-30.522,-93.678,22.986,0.2703,0.1087,0.1426,1.1116,1.5309,1.5592,22.9863
4.896,-23.824,-33.275,76.835,-39.868,-90.242,23.572,-21.988,-37.848,72.529,-30.632,-94.498,24.801,0.2754,0.102,0.1391,1.1341,1.5415,1.5624,24.8009
4.9191,-23.912,-35.56,79.473,-38.198,-90.945,23.572,-21.768,-30.028,73.997,-43.574,-93.005,24.456,0.2762,0.1038,0.1381,1.104,1.452,1.5454,24.4557
4.9525,-23.121,-36.791,80.967,-35.297,-92.264,23.772,-23.128,-28.166,68.483,-35.338,-92.338,23.699,0.2803,0.1144,0.1334,1.1569,1.4981,1.4555,23.6994
4.9942,-22.857,-36.176,80.879,-33.099,-93.143,24.104,-23.277,-40.588,75.504,-32.85,-89.898,23.905,0.2689,0.1096,0.1405,1.0739,1.4863,1.4766,23.9046
5.0194,-23.033,-34.066,79.56,-32.396,-92.615,24.104,-25.006,-45.207,75.958,-25.707,-91.086,23.906,0.263,0.1151,0.1366,1.1058,1.5453,1.4711,23.9062
5.0534,-23.385,-31.341,77.275,-32.659,-91.56,23.904,-21.056,-38.909,73.035,-28.466,-86.799,24.075,0.2777,0.0976,0.1333,1.0279,1.6169,1.4705,24.0752
5.0967,-23.912,-29.846,75.692,-32.484,-91.209,23.838,-22.354,-28.672,72.097,-39.94,-92.99,24.727,0.28,0.1077,0.1303,1.128,1.5116,1.5239,24.7275
5.1198,-24.176,-29.758,75.341,-30.901,-90.769,23.838,-22.743,-33.436,74.755,-37.345,-87.784,25.303,0.273,0.1092,0.1291,1.0709,1.5134,1.4189,25.3027
5.1531,-23.824,-29.846,75.429,-29.758,-90.505,24.17,-21.847,-32.91,74.372,-37.588,-91.827,23.63,0.277,0.1046,0.1298,1.1264,1.5074,1.4896,23.6297
5.1975,-23.385,-30.11,75.429,-30.022,-90.066,24.568,-22.478,-35.876,79.121,-41.225,-89.437,24.386,0.2683,0.105,0.1298,1.0725,1.4834,1.4678,24.386
5.2202,-23.033,-30.637,75.429,-31.956,-89.802,24.436,-23.653,-35.869,79.324,-38.669,-90.56,23.151,0.2637,0.1067,0.1223,1.0844,1.5653,1.4956,23.1508
5.2535,-22.945,-31.604,75.956,-34.945,-89.802,23.904,-22.706,-29.076,70.212,-34.515,-91.168,23.118,0.2791,0.1089,0.1257,1.1266,1.5739,1.4679,23.1176
5.2868,-23.033,-33.099,77.626,-37.407,-90.066,23.572,-22.454,-31.808,74.415,-35.973,-91.734,22.936,0.2735,0.1025,0.1215,1.103,1.6156,1.5202,22.9359
5.3305,-23.209,-33.011,78.681,-38.286,-90.593,23.44,-22.428,-34.562,75.572,-34.268,-89.989,23.848,0.2702,0.1033,0.1218,1.1046,1.5885,1.4594,23.848
5.3538,-22.945,-32.132,78.418,-37.582,-90.857,23.307,-22.329,-28.758,75.387,-41.503,-92.548,23.573,0.2727,0.1047,0.1207,1.1407,1.5335,1.4924,23.5734
5.3878,-22.945,-31.692,77.802,-35.912,-90.593,23.373,-21.408,-34.321,71.66,-30.976,-90.451,23.275,0.2785,0.102,0.1293,1.1204,1.5664,1.4587,23.2752
5.4311,-22.857,-31.341,77.802,-35.121,-90.505,23.44,-22.387,-39.773,78.903,-33.666,-93.875,22.725,0.2649,0.1014,0.1258,1.1639,1.533,1.5064,22.7249
5.4542,-22.593,-31.341,77.099,-34.33,-90.505,23.44,-20.881,-23.779,69.137,-38.934,-92.668,22.023,0.2862,0.1031,0.1222,1.1706,1.5359,1.4664,22.0225
5.4875,-22.593,-32.396,76.22,-33.538,-91.121,23.041,-21.411,-19.16,69.387,-45.947,-91.013,22.247,0.2867,0.1067,0.1225,1.124,1.5073,1.4636,22.2469
5.5312,-22.418,-33.538,75.341,-33.978,-91.824,22.643,-23.472,-33.071,78.087,-40.575,-94.153,21.094,0.2657,0.1073,0.1227,1.1482,1.5257,1.5288,21.0939
5.5544,-22.154,-33.802,73.846,-36.44,-91.473,22.51,-23.178,-33.568,74.609,-35.425,-92.872,21.466,0.27,0.1088,0.1262,1.1576,1.5286,1.4801,21.4662
5.5877,-22.33,-33.363,73.231,-39.516,-91.385,21.912,-21.674,-29.518,74.744,-37.819,-89.693,20.628,0.2758,0.1012,0.1157,1.1059,1.601,1.4477,20.6277
5.6313,-22.593,-33.187,74.022,-41.363,-92.0,21.647,-21.698,-31.239,75.719,-40.454,-90.361,19.763,0.273,0.1023,0.1255,1.1086,1.5099,1.4616,19.7634
5.6545,-22.593,-32.571,75.077,-41.451,-92.0,21.514,-22.088,-18.001,68.816,-46.159,-90.669,18.161,0.2863,0.11,0.121,1.1198,1.5178,1.4581,18.1609
5.6878,-22.33,-31.516,75.78,-40.747,-91.385,20.452,-21.831,-31.099,71.287,-32.676,-90.474,17.537,0.2788,0.1034,0.1235,1.1201,1.5984,1.4569,17.5367
5.7336,-22.066,-30.462,75.516,-40.571,-91.209,19.389,-21.298,-21.87,69.855,-43.642,-92.47,15.387,0.2852,0.1038,0.1243,1.1296,1.5249,1.5048,15.3872
5.755,-21.978,-29.582,74.198,-40.396,-91.209,18.659,-23.003,-25.008,69.444,-38.941,-89.456,13.571,0.2814,0.1109,0.1249,1.0806,1.5755,1.4687,13.5709
5.789,-21.978,-28.352,72.879,-40.044,-91.56,17.596,-21.741,-23.074,70.082,-43.021,-91.61,11.482,0.2832,0.1072,0.1257,1.135,1.4922,1.4666,11.4821
5.822,-22.154,-26.681,72.176,-39.78,-91.912,15.87,-20.728,-17.956,68.19,-44.196,-89.545,10.604,0.2897,0.1032,0.1163,1.1132,1.5511,1.4364,10.6042
5.8658,-22.593,-24.923,72.0,-40.044,-91.736,14.011,-21.938,-31.415,75.717,-38.617,-90.836,9.315,0.2719,0.102,0.1219,1.1188,1.5526,1.4675,9.3147
6.3167,-22.154,-29.319,75.868,-38.813,-90.769,9.628,-20.285,-39.984,77.066,-35.818,-87.669,21.278,0.271,0.0965,0.1406,1.0711,1.4384,1.4164,21.2776
6.3397,-22.154,-29.319,75.868,-38.813,-90.769,9.628,-22.058,-33.721,78.083,-43.816,-96.857,20.232,0.2696,0.101,0.1349,1.1511,1.4477,1.6068,20.2322
6.3729,-21.802,-30.286,76.484,-37.934,-90.418,10.093,-24.622,-34.89,74.532,-37.51,-91.327,20.872,0.2689,0.1153,0.137,1.0787,1.5038,1.5142,20.8723
6.4167,-21.451,-31.429,77.626,-37.055,-89.714,11.886,-21.52,-30.466,75.226,-45.716,-90.167,22.23,0.2767,0.1019,0.1391,1.0402,1.4526,1.5299,22.2299
6.4398,-22.154,-32.132,77.714,-37.231,-90.066,14.807,-21.753,-33.913,76.763,-41.068,-90.242,20.08,0.2714,0.1013,0.1328,1.0732,1.4906,1.498,20.0797
6.4731,-23.297,-32.22,77.363,-38.637,-90.681,17.53,-21.086,-26.192,74.797,-48.198,-91.961,21.901,0.2777,0.1011,0.1319,1.097,1.4462,1.5217,21.9008
6.5169,-23.736,-32.22,77.451,-40.396,-90.593,19.456,-23.044,-20.967,66.966,-41.861,-90.327,21.095,0.2859,0.114,0.1292,1.0869,1.5408,1.4859,21.0945
6.54,-22.593,-31.956,77.626,-42.418,-90.593,19.92,-24.294,-36.61,78.097,-40.084,-90.605,20.941,0.2627,0.1113,0.1347,1.0681,1.4895,1.5107,20.9414
6.5735,-22.242,-30.022,76.659,-44.44,-90.769,20.053,-23.337,-33.508,81.952,-48.638,-90.916,21.048,0.2599,0.1046,0.1294,1.0524,1.4689,1.5384,21.0484
6.617,-22.681,-27.736,74.989,-45.143,-90.769,20.452,-22.875,-32.119,78.347,-45.026,-91.036,19.447,0.2669,0.1039,0.1303,1.0558,1.5068,1.5418,19.4468
6.6401,-23.209,-26.505,74.637,-45.495,-90.769,20.584,-22.597,-35.835,73.688,-33.045,-88.772,20.121,0.2724,0.1074,0.1322,1.095,1.5251,1.4277,20.121
6.6736,-23.385,-26.769,75.78,-45.582,-90.769,20.186,-22.235,-32.784,78.878,-44.243,-91.138,21.056,0.2668,0.1017,0.1285,1.0852,1.4899,1.5109,21.0565
6.7173,-23.297,-28.703,77.451,-44.264,-90.418,19.721,-23.044,-28.195,77.167,-48.819,-89.57,17.567,0.2695,0.1068,0.1304,1.0324,1.4855,1.5227,17.5666
6.7405,-23.033,-30.989,78.505,-42.505,-89.89,20.252,-23.813,-27.92,78.323,-49.512,-91.503,17.392,0.2658,0.1102,0.1265,1.0805,1.4718,1.5218,17.3922
6.7738,-23.033,-32.308,78.505,-41.978,-89.89,20.518,-22.526,-28.235,73.068,-41.119,-91.028,18.182,0.2758,0.1074,0.1279,1.1042,1.5172,1.4864,18.1819
6.819,-23.033,-32.396,78.33,-42.945,-90.418,19.721,-21.409,-28.233,79.578,-50.828,-88.38,16.892,0.2684,0.099,0.1253,1.0411,1.4683,1.4772,16.892
6.841,-23.121,-30.901,78.242,-44.176,-90.769,18.526,-22.725,-31.617,78.394,-46.011,-86.247,17.497,0.2664,0.1057,0.1299,1.0125,1.4791,1.4442,17.4968
6.8743,-22.593,-29.231,78.066,-45.582,-90.154,17.928,-22.662,-26.864,85.578,-60.707,-89.757,16.416,0.2575,0.0993,0.1213,1.0083,1.4568,1.5533,16.4159
6.9076,-22.593,-28.967,78.945,-47.165,-88.571,17.795,-22.298,-23.648,73.831,-48.524,-89.575,15.106,0.2761,0.1076,0.1266,1.0785,1.4708,1.4686,15.1061
6.9529,-22.418,-28.967,80.264,-49.099,-87.956,17.331,-24.623,-26.283,75.875,-50.696,-88.786,14.524,0.2688,0.1144,0.1337,0.9989,1.479,1.5341,14.5244
6.9749,-22.418,-27.824,81.934,-50.945,-88.484,16.202,-21.518,-24.14,68.547,-42.669,-90.136,13.541,0.2882,0.1048,0.1342,1.0417,1.5274,1.5345,13.5408
7.0081,-22.945,-26.154,82.549,-51.033,-89.011,15.471,-22.516,-25.565,74.258,-46.84,-89.774,12.662,0.2756,0.1084,0.1263,1.0782,1.4787,1.4743,12.6622
7.0528,-23.912,-24.923,81.758,-49.538,-89.451,14.675,-23.812,-18.521,75.513,-57.452,-87.5,13.194,0.2724,0.1136,0.1236,1.0061,1.4697,1.4855,13.1942
7.075,-23.736,-24.835,80.176,-47.429,-89.451,13.811,-22.502,-32.206,80.042,-46.807,-89.605,11.925,0.2656,0.1043,0.1275,1.0693,1.4637,1.4782,11.9246
7.1084,-23.209,-24.923,78.418,-46.901,-89.099,13.546,-21.994,-28.783,71.257,-39.898,-88.072,12.658,0.2814,0.1068,0.1326,1.0453,1.5176,1.4665,12.6584
7.1544,-22.681,-25.099,77.714,-47.077,-88.571,13.081,-21.311,-29.388,75.721,-44.334,-87.608,12.459,0.274,0.1025,0.1284,1.0675,1.4656,1.4207,12.459
7.1756,-22.505,-26.154,77.802,-46.286,-88.571,12.683,-19.98,-30.629,73.044,-39.252,-90.098,12.258,0.2815,0.0957,0.131,1.0891,1.5106,1.4818,12.2581
7.2087,-22.418,-26.769,77.89,-45.055,-88.308,12.683,-23.402,-15.604,78.159,-64.515,-86.691,10.831,0.2712,0.1073,0.1203,0.9365,1.5024,1.5449,10.8311
7.242,-21.714,-27.473,77.275,-44.088,-88.747,12.483,-20.976,-29.61,77.511,-46.266,-89.121,11.116,0.2718,0.0992,0.1272,1.0806,1.4608,1.4518,11.1157
7.2858,-21.538,-27.824,76.396,-43.209,-89.275,11.886,-19.884,-28.402,78.356,-48.6,-86.428,11.075,0.2727,0.0939,0.1249,1.0413,1.4654,1.4186,11.0748
7.3089,-21.451,-28.0,76.484,-43.648,-89.187,11.487,-21.874,-22.425,71.274,-46.362,-89.34,11.004,0.282,0.1059,0.1269,1.0634,1.5101,1.4825,11.0037
7.3421,-21.099,-27.824,77.714,-45.319,-88.571,11.487,-20.679,-30.718,75.286,-41.119,-84.385,10.034,0.2756,0.0977,0.1263,1.0075,1.5381,1.4001,10.0344
7.386,-21.187,-26.505,78.154,-46.637,-87.692,11.487,-23.722,-21.604,74.364,-50.819,-90.517,9.472,0.2744,0.1109,0.1226,1.0467,1.5287,1.5355,9.4722
7.409,-21.275,-24.923,77.538,-46.637,-86.637,10.956,-22.391,-36.206,77.933,-37.985,-87.541,8.072,0.2671,0.1044,0.1279,1.0667,1.5147,1.4201,8.0717
7.4425,-21.626,-23.341,76.659,-46.462,-85.846,10.425,-20.81,-32.036,80.445,-47.663,-88.117,9.211,0.2675,0.0966,0.1281,1.0582,1.4519,1.4462,9.2107
7.4864,-21.978,-22.637,76.484,-46.198,-86.637,9.894,-20.153,-25.097,77.419,-50.676,-86.863,8.41,0.2751,0.0956,0.122,1.0432,1.4796,1.4319,8.41
7.5092,-21.626,-23.253,77.538,-45.758,-87.516,9.628,-20.499,-28.424,75.053,-44.787,-86.768,7.464,0.2786,0.0977,0.1285,1.0263,1.5046,1.4514,7.4637
7.5427,-21.275,-24.308,78.945,-46.725,-87.429,9.429,-22.104,-29.933,78.788,-46.176,-89.834,6.867,0.269,0.1009,0.1226,1.0592,1.5271,1.5043,6.8673
7.5865,-21.275,-25.626,79.209,-47.429,-87.253,9.031,-22.182,-40.178,77.31,-33.542,-84.607,6.545,0.268,0.1047,0.1324,1.0335,1.5094,1.3676,6.5449
7.6095,-21.714,-26.857,78.945,-47.077,-87.78,8.831,-19.634,-22.255,79.208,-58.217,-87.722,5.936,0.2731,0.0936,0.1244,1.0451,1.406,1.4476,5.9359
7.6428,-21.89,-28.44,78.681,-45.055,-88.396,8.765,-19.501,-14.837,69.689,-53.785,-87.655,3.77,0.2909,0.0973,0.125,1.034,1.486,1.4695,3.7702
7.6867,-21.626,-30.022,78.505,-42.681,-88.132,8.632,-21.255,-17.699,76.823,-59.626,-88.08,2.667,0.2765,0.0998,0.1213,1.0058,1.4805,1.5102,2.667
7.7097,-21.011,-30.374,78.418,-41.451,-88.044,8.167,-21.186,-31.27,76.231,-44.067,-87.004,3.551,0.2743,0.0984,0.1328,1.0024,1.5095,1.4838,3.5506
7.7431,-21.275,-29.495,77.978,-41.802,-88.132,7.703,-22.252,-22.065,76.252,-54.603,-86.825,3.198,0.2744,0.1053,0.1263,0.9974,1.4743,1.4763,3.1976
7.7871,-21.451,-28.088,77.714,-42.945,-87.692,7.703,-19.493,-18.975,70.928,-52.229,-84.315,1.274,0.288,0.0984,0.1305,0.999,1.4447,1.4022,1.2738
7.8101,-21.714,-26.066,77.626,-44.791,-87.429,7.703,-20.25,-23.753,72.376,-47.906,-88.34,1.318,0.2838,0.0989,0.131,1.0462,1.4698,1.4728,1.3181
7.8435,-21.714,-23.165,76.923,-47.604,-86.549,7.636,-20.531,-32.211,75.097,-41.489,-81.408,2.32,0.277,0.0981,0.1334,0.9488,1.5118,1.3763,2.3202
7.8873,-21.275,-21.231,75.516,-49.363,-85.582,7.57,-20.978,-26.64,74.982,-48.712,-88.551,2.628,0.2781,0.099,0.1334,1.0169,1.4762,1.5112,2.6284
7.9114,-21.187,-20.879,74.989,-49.538,-84.791,7.57,-19.504,-20.48,74.59,-54.419,-85.382,1.343,0.2817,0.0944,0.126,1.0007,1.4582,1.4342,1.3426
7.9436,-21.187,-22.022,75.604,-48.923,-83.736,7.57,-22.268,-25.084,73.92,-51.114,-84.156,2.589,0.2774,0.1072,0.1377,0.9471,1.4491,1.4512,2.5892
8.401,-21.978,-23.868,75.692,-49.802,-84.352,7.57,-21.645,-25.603,72.583,-43.957,-89.508,-0.129,0.2793,0.1049,0.1265,1.0896,1.4968,1.4568,-0.1294
8.4282,-21.978,-23.868,75.692,-49.802,-84.352,7.57,-21.274,-29.821,72.293,-41.103,-88.403,-0.457,0.28,0.1027,0.1364,1.0494,1.4847,1.4692,-0.457
8.4615,-21.978,-23.956,75.429,-49.275,-84.967,7.57,-20.706,-26.455,68.292,-39.245,-87.407,-0.682,0.2884,0.1026,0.1351,1.0427,1.5133,1.4495,-0.6816
8.4948,-21.978,-24.571,74.989,-47.165,-86.725,7.57,-20.843,-28.18,70.297,-40.0,-84.904,0.164,0.2844,0.1016,0.1352,0.9967,1.5213,1.4271,0.164
8.5386,-21.626,-25.451,74.286,-44.088,-87.253,7.57,-20.147,-20.931,67.721,-48.211,-85.233,-0.164,0.2919,0.1019,0.1407,0.9836,1.4446,1.4472,-0.1637
8.5617,-21.626,-25.714,73.319,-41.89,-86.286,7.57,-19.486,-20.975,68.119,-48.426,-84.812,-0.005,0.2921,0.1003,0.1397,1.0063,1.4156,1.4054,-0.0047
8.5951,-21.275,-25.451,72.527,-41.275,-85.758,7.57,-18.749,-24.22,67.794,-44.148,-83.619,-0.155,0.2932,0.0958,0.1422,0.9879,1.4434,1.3959,-0.1548
8.6367,-20.835,-23.692,71.56,-42.33,-85.582,7.57,-21.962,-33.265,72.561,-39.019,-88.71,-0.598,0.2774,0.1049,0.1444,1.0338,1.4745,1.4927,-0.5975
8.6619,-20.571,-22.022,71.209,-43.648,-85.055,7.57,-21.247,-26.907,73.178,-52.255,-87.519,-0.733,0.2813,0.1025,0.1524,0.9518,1.3821,1.5395,-0.7328
8.6952,-20.835,-21.67,71.385,-44.088,-84.967,7.57,-18.636,-30.047,72.381,-44.53,-87.635,0.372,0.2854,0.0916,0.1473,1.0297,1.4006,1.4639,0.3716
8.7286,-21.187,-22.637,72.527,-44.527,-86.198,7.57,-21.29,-29.798,65.43,-38.596,-88.67,0.447,0.2923,0.1071,0.16,1.0036,1.4206,1.5222,0.4469
8.7688,-20.835,-24.747,73.495,-44.703,-87.077,7.57,-19.427,-35.947,69.696,-39.0,-87.027,-0.343,0.2861,0.0976,0.1669,0.9998,1.3406,1.4687,-0.3429
8.7956,-20.308,-26.242,73.143,-43.648,-87.692,7.57,-19.255,-25.944,64.431,-46.708,-85.151,0.258,0.2968,0.1016,0.1715,0.9526,1.29,1.4574,0.258
8.8291,-20.308,-28.088,72.352,-41.626,-87.78,7.57,-18.758,-31.288,63.485,-40.19,-86.322,0.172,0.2968,0.0973,0.18,0.9537,1.3103,1.495,0.1717
8.8734,-20.308,-29.582,71.473,-40.308,-86.725,7.57,-20.334,-21.889,62.734,-51.154,-85.802,0.982,0.2978,0.1064,0.1764,0.9209,1.2785,1.5095,0.9824
8.896,-20.308,-29.846,69.626,-40.308,-86.462,7.57,-19.549,-35.326,70.211,-44.225,-89.096,-0.711,0.2818,0.096,0.178,0.9793,1.2754,1.5425,-0.7106
8.9292,-20.571,-28.791,68.044,-41.275,-86.549,7.57,-18.913,-27.829,61.389,-41.472,-81.1,-0.278,0.298,0.0985,0.1795,0.8806,1.3371,1.4276,-0.2776
8.9626,-20.571,-27.209,67.516,-42.681,-87.077,7.57,-20.516,-37.048,63.97,-33.298,-84.501,0.662,0.2868,0.1044,0.1836,0.9625,1.3248,1.4384,0.6616
9.0031,-20.22,-26.242,67.516,-42.681,-87.604,7.57,-20.498,-36.363,70.007,-41.542,-88.986,1.111,0.2799,0.0993,0.1764,0.9731,1.3213,1.5526,1.1108
9.0295,-20.484,-26.154,67.341,-41.099,-87.165,7.57,-20.766,-30.33,68.568,-50.54,-86.275,-0.689,0.2853,0.101,0.1825,0.8594,1.2978,1.5904,-0.6886
9.0627,-20.659,-27.736,67.516,-39.165,-86.374,7.57,-18.862,-36.588,72.059,-46.603,-84.056,-1.12,0.2804,0.0918,0.181,0.8932,1.2691,1.4901,-1.12
9.0961,-20.747,-30.286,68.396,-38.637,-86.637,7.57,-19.098,-37.061,62.169,-33.21,-86.623,-0.073,0.2928,0.0952,0.1919,0.9216,1.3484,1.5428,-0.0733
9.1398,-20.308,-32.484,69.978,-39.429,-86.374,7.57,-19.309,-39.441,68.04,-38.374,-83.737,0.163,0.282,0.0952,0.1877,0.904,1.2905,1.4723,0.1632
9.163,-20.132,-33.89,71.473,-40.484,-86.022,7.57,-18.006,-37.893,65.41,-34.975,-85.663,-0.295,0.2888,0.0904,0.1844,0.9535,1.3187,1.4764,-0.2949
9.1963,-20.22,-35.033,71.473,-40.22,-85.582,7.57,-17.508,-38.349,70.335,-44.072,-82.63,-0.072,0.2825,0.0844,0.1879,0.8477,1.2778,1.4944,-0.0717
9.2387,-19.956,-35.824,70.769,-38.549,-85.231,7.57,-19.931,-56.563,77.134,-30.653,-88.066,-0.258,0.2595,0.0896,0.192,0.95,1.2779,1.5452,-0.2579
9.2632,-19.692,-36.0,69.626,-36.791,-84.967,7.57,-19.402,-54.385,75.412,-31.819,-83.622,0.317,0.263,0.0889,0.1944,0.8933,1.2748,1.4779,0.317
9.2965,-19.956,-36.791,69.275,-34.857,-84.615,7.57,-19.354,-44.401,68.52,-36.684,-83.161,0.389,0.2773,0.0929,0.2006,0.8559,1.2631,1.5016,0.3891
9.3403,-20.308,-38.725,70.154,-32.923,-84.44,7.57,-17.328,-38.923,68.45,-45.679,-83.754,0.612,0.2843,0.0864,0.204,0.857,1.1715,1.5035,0.6123
9.3632,-20.308,-41.099,71.736,-32.571,-84.352,7.57,-17.112,-32.244,64.388,-47.038,-82.807,0.55,0.2926,0.0894,0.2012,0.8701,1.1816,1.4653,0.5497
9.3974,-19.956,-42.066,72.088,-33.626,-84.352,7.57,-18.179,-44.756,66.314,-38.179,-87.697,0.756,0.28,0.0878,0.217,0.8784,1.1726,1.5892,0.7565
9.4407,-19.604,-41.714,71.736,-36.703,-84.352,7.57,-16.432,-38.224,66.714,-47.011,-81.551,1.21,0.2846,0.0811,0.213,0.7898,1.1566,1.5019,1.2099
9.4638,-19.604,-40.659,70.769,-40.22,-84.615,7.57,-17.72,-38.707,64.663,-44.69,-86.413,0.411,0.2819,0.0884,0.2187,0.8726,1.1099,1.5507,0.4109
9.4971,-19.341,-39.868,70.242,-42.681,-84.615,7.57,-17.086,-47.294,67.956,-36.578,-87.211,0.718,0.2753,0.0808,0.2144,0.8821,1.1804,1.566,0.7181
9.5407,-18.549,-39.077,69.451,-43.56,-84.791,7.57,-16.761,-51.157,67.873,-33.766,-85.033,0.379,0.272,0.0791,0.2222,0.8592,1.1542,1.5262,0.3792
9.5639,-18.198,-39.165,68.835,-42.681,-86.11,7.57,-15.818,-37.842,63.444,-45.24,-86.797,0.69,0.2854,0.0794,0.2225,0.8641,1.0916,1.5543,0.6903
9.5972,-17.231,-40.835,69.099,-40.044,-86.11,7.57,-14.709,-47.535,67.116,-36.961,-88.15,0.832,0.2783,0.0692,0.2207,0.8686,1.1564,1.5848,0.8323
9.641,-16.527,-43.121,69.451,-37.055,-86.022,7.57,-15.418,-52.292,64.676,-30.857,-88.666,0.379,0.2745,0.074,0.2345,0.8977,1.1011,1.5689,0.3794
9.6641,-15.824,-44.44,69.187,-35.56,-87.253,7.57,-13.582,-47.234,69.948,-45.509,-81.273,0.558,0.2737,0.0658,0.228,0.7753,1.0488,1.4709,0.5575
9.6975,-15.648,-46.11,68.835,-34.066,-87.78,7.57,-13.544,-53.472,70.085,-37.718,-84.659,0.612,0.2687,0.0644,0.2304,0.8373,1.0556,1.5029,0.6122
9.7412,-15.473,-47.604,68.484,-33.011,-87.429,7.57,-11.72,-52.761,62.789,-25.884,-86.14,-0.195,0.2795,0.0588,0.2316,0.9244,1.1137,1.4633,-0.195
9.7643,-14.769,-49.011,68.571,-33.187,-86.022,7.57,-8.662,-38.203,59.286,-37.392,-91.224,0.795,0.2985,0.0477,0.2255,0.9662,1.0933,1.5332,0.7953
9.7976,-13.714,-50.242,68.835,-33.714,-85.934,7.57,-10.602,-41.653,61.979,-38.513,-88.889,-0.11,0.2893,0.0538,0.2282,0.8952,1.1016,1.5445,-0.1103
9.8402,-11.956,-50.242,68.571,-34.681,-87.253,7.57,-9.18,-52.587,67.953,-31.911,-89.053,0.986,0.2766,0.0482,0.2219,0.9839,1.0451,1.4578,0.9864
9.8646,-10.549,-48.484,67.165,-36.176,-88.571,7.57,-9.301,-48.79,64.316,-29.915,-89.138,0.323,0.2845,0.0483,0.2204,0.9801,1.1103,1.4732,0.3231
9.898,-10.11,-46.11,65.934,-36.527,-88.835,7.57,-6.91,-58.214,72.715,-30.701,-85.349,1.58,0.2704,0.0334,0.2169,0.9031,1.1113,1.4261,1.5795
9.9418,-9.846,-44.791,65.846,-35.297,-88.835,7.57,-8.96,-57.98,76.611,-36.4,-89.802,0.762,0.2642,0.0444,0.2131,0.9695,1.0295,1.4828,0.7624
9.9649,-9.231,-44.879,67.516,-33.187,-88.308,7.57,-8.29,-48.375,68.863,-36.546,-88.881,-0.225,0.2815,0.0456,0.2143,1.0009,1.0313,1.4278,-0.2253
9.9986,-8.264,-46.462,70.945,-32.22,-87.78,7.57,-7.029,-62.587,77.602,-32.465,-89.179,0.462,0.2642,0.0364,0.2146,0.9783,1.0184,1.4442,0.4615
10.0421,-8.44,-48.396,74.198,-32.308,-88.132,7.57,-6.025,-59.495,77.818,-35.555,-91.4,1.14,0.2691,0.0302,0.2097,0.9803,1.0406,1.5035,1.1397
10.4941,-6.242,-58.418,78.154,-34.505,-91.297,7.57,-9.264,-39.364,61.818,-41.556,-89.741,-0.114,0.2891,0.0477,0.232,0.9282,1.04,1.5151,-0.1141
10.5172,-6.154,-58.418,78.154,-34.505,-91.297,7.57,-7.332,-56.878,68.053,-28.937,-89.663,-0.069,0.2739,0.0386,0.2289,0.9652,1.0287,1.4704,-0.0688
10.5503,-6.593,-57.978,77.978,-35.385,-90.945,7.57,-7.211,-62.087,69.555,-24.096,-89.959,0.015,0.27,0.0366,0.2268,0.9682,1.0615,1.4814,0.0146
10.5947,-7.385,-57.187,76.747,-36.088,-90.505,7.57,-5.223,-74.738,73.192,-15.174,-91.167,-0.936,0.2584,0.0289,0.2301,1.0215,0.996,1.443,-0.9364
10.6177,-7.648,-57.275,74.813,-35.648,-90.505,7.57,-3.137,-49.035,67.774,-38.805,-88.947,0.768,0.2808,0.0215,0.2287,0.9412,0.9737,1.4321,0.7685
10.6511,-6.593,-59.385,73.495,-33.538,-90.769,7.57,-2.191,-54.202,66.577,-29.895,-86.795,0.467,0.279,0.0184,0.2294,0.9687,0.9934,1.3551,0.467
10.6949,-5.187,-62.198,72.527,-30.989,-90.681,7.57,-1.477,-53.763,67.96,-32.188,-94.419,-0.981,0.278,0.0145,0.2285,1.0378,0.9511,1.4698,-0.9812
10.7179,-3.692,-63.868,71.56,-29.582,-89.451,7.57,-0.678,-52.696,69.789,-34.136,-89.95,0.224,0.2802,0.0112,0.2207,1.0057,0.9843,1.3879,0.2239
10.7512,-2.637,-64.22,71.209,-29.758,-88.396,7.57,0.124,-65.758,75.882,-29.253,-91.494,-0.951,0.263,0.0045,0.2224,0.9616,0.9861,1.448,-0.9505
10.7845,-1.846,-62.549,71.385,-31.253,-88.659,7.57,-0.976,-49.911,69.321,-36.957,-91.09,0.374,0.2825,0.0124,0.2207,1.0176,0.9634,1.4062,0.374
10.8284,-1.143,-60.264,72.176,-32.747,-89.89,7.57,-0.771,-58.461,71.464,-29.785,-90.941,0.327,0.2731,0.011,0.2205,1.0269,0.9726,1.3969,0.3266
10.8515,-1.143,-57.538,74.022,-34.154,-90.33,7.57,-1.119,-39.269,64.09,-43.399,-90.391,-0.957,0.2928,0.012,0.2248,0.9844,0.9705,1.4172,-0.9566
10.8848,-1.055,-54.286,74.374,-35.121,-90.418,7.57,-0.574,-52.945,72.203,-38.388,-91.14,-0.622,0.276,0.0094,0.2198,0.9883,0.9526,1.4247,-0.6225
10.9284,-1.055,-50.593,73.846,-36.088,-90.418,7.57,-1.415,-55.992,72.173,-31.842,-93.737,-0.023,0.2763,0.0136,0.2139,1.0676,0.9756,1.4388,-0.0229
10.9519,-1.407,-47.077,72.703,-37.055,-90.769,7.57,-1.823,-58.406,77.74,-38.489,-89.572,0.354,0.2679,0.0142,0.2139,0.9592,0.9821,1.4251,0.3542
10.9856,-1.495,-45.934,72.44,-36.615,-91.473,7.57,-1.591,-67.43,78.497,-28.238,-91.266,0.025,0.2618,0.0146,0.2172,1.0272,0.9638,1.4068,0.0247
11.0289,-1.582,-46.462,73.231,-35.912,-92.352,7.57,-1.145,-53.444,76.101,-41.836,-90.776,0.104,0.2742,0.0139,0.2126,1.0078,0.9206,1.3945,0.1037
11.0521,-1.582,-48.571,75.516,-35.033,-92.176,7.57,-1.814,-64.48,76.753,-26.283,-91.134,0.295,0.2688,0.0147,0.2077,1.0529,1.029,1.4032,0.2949
11.0851,-1.582,-51.385,77.099,-33.89,-91.648,7.57,-2.213,-66.375,77.554,-28.684,-91.694,-0.289,0.2655,0.0164,0.2165,1.0113,0.9806,1.4383,-0.2887
11.1291,-1.582,-54.813,77.363,-31.956,-91.648,7.57,-0.137,-58.144,77.231,-36.865,-89.23,-1.144,0.2709,0.0091,0.2097,1.0094,0.949,1.3593,-1.144
11.1522,-1.582,-58.593,77.363,-30.462,-91.648,7.57,-1.819,-62.808,80.052,-33.79,-90.085,-0.184,0.2648,0.0155,0.2038,1.0193,0.9856,1.3917,-0.1838
11.1855,-1.407,-61.407,77.802,-30.286,-91.033,7.57,-1.98,-70.362,81.005,-27.924,-88.855,0.033,0.2576,0.0166,0.2091,1.0039,0.9738,1.3717,0.0335
11.2292,-0.967,-62.725,78.505,-31.516,-90.33,7.57,-4.387,-66.717,78.865,-28.41,-88.524,-1.238,0.2619,0.0271,0.2082,1.0094,1.0015,1.3829,-1.2376
11.2524,-1.055,-63.868,80.088,-32.396,-89.89,7.57,-2.284,-57.939,80.508,-42.103,-89.51,0.458,0.2655,0.0151,0.2067,0.941,0.994,1.4416,0.4583
11.2856,-2.286,-64.659,80.703,-31.956,-89.275,7.57,-2.289,-77.986,88.685,-28.674,-90.642,-0.517,0.2475,0.0157,0.1986,0.9917,0.9841,1.4297,-0.5171
11.3295,-2.989,-64.484,80.527,-31.604,-89.802,7.57,-2.479,-52.877,80.663,-44.708,-86.767,-0.418,0.2711,0.0166,0.1954,0.9493,1.0416,1.383,-0.4177
11.3526,-3.077,-64.22,81.934,-30.813,-90.154,7.57,-1.506,-70.279,79.182,-23.452,-88.329,-0.55,0.2618,0.0137,0.2052,1.0237,1.0265,1.3545,-0.5504
11.3859,-2.813,-63.604,83.692,-29.846,-89.978,7.57,-2.647,-62.89,76.37,-27.682,-87.729,-0.105,0.2692,0.021,0.2052,1.0426,1.0072,1.3235,-0.1045
11.4295,-2.637,-62.989,83.868,-28.791,-89.275,7.57,-2.485,-66.427,81.523,-30.89,-88.826,-0.281,0.2634,0.0185,0.2007,1.0176,1.0023,1.3696,-0.2808
11.4528,-2.637,-62.813,82.989,-27.736,-88.923,7.57,-1.112,-62.724,85.768,-42.66,-88.305,-0.391,0.2617,0.012,0.1991,0.9602,0.9557,1.3854,-0.3914
11.4861,-2.725,-62.637,81.934,-27.824,-89.011,7.57,-1.126,-68.701,80.841,-26.322,-90.359,-0.228,0.263,0.012,0.1998,1.0548,1.0135,1.3758,-0.2282
11.5298,-2.286,-63.429,81.407,-29.934,-89.011,7.57,-2.181,-66.233,82.17,-32.808,-89.241,0.456,0.2611,0.0162,0.202,0.9972,0.9999,1.3949,0.456
11.5533,-1.758,-64.923,81.407,-32.571,-89.451,7.57,-0.794,-71.08,80.529,-23.56,-87.594,-0.058,0.2607,0.011,0.2015,1.0281,1.0267,1.3281,-0.0583
11.5869,-1.758,-66.242,82.374,-34.066,-89.714,7.57,-0.89,-69.601,80.801,-25.17,-91.315,-0.721,0.2619,0.0099,0.1999,1.0486,1.0343,1.4041,-0.7207
11.6303,-1.582,-67.56,82.901,-33.802,-89.099,7.57,-0.3,-61.778,82.953,-35.457,-88.837,-1.6,0.2659,0.0095,0.1902,1.0446,1.0085,1.3377,-1.5998
11.6533,-1.319,-68.703,82.637,-32.044,-88.308,7.57,-2.463,-73.518,82.888,-22.042,-86.574,-0.15,0.2589,0.018,0.1935,1.0328,1.0608,1.3197,-0.1504
11.6867,-1.231,-68.352,82.989,-29.582,-88.923,7.57,-1.076,-55.795,75.052,-29.335,-88.15,-1.271,0.2764,0.0122,0.193,1.0818,1.0842,1.3148,-1.2715
11.7303,-1.582,-67.824,83.516,-26.945,-88.747,7.57,-0.019,-55.505,83.477,-42.476,-87.354,-0.991,0.2693,0.0084,0.1853,1.0275,1.0124,1.3153,-0.9914
11.7535,-1.846,-66.857,83.253,-24.835,-88.396,7.57,-2.194,-66.779,82.51,-28.525,-88.804,-1.046,0.2634,0.0157,0.1905,1.0381,1.0673,1.3689,-1.0457
11.7868,-1.67,-64.659,82.637,-24.484,-88.22,7.57,-2.631,-72.497,84.346,-23.078,-88.565,-1.097,0.2594,0.0182,0.1861,1.0629,1.0804,1.3465,-1.0973
11.8304,-1.231,-62.022,82.813,-25.538,-88.484,7.57,-1.622,-61.922,82.756,-34.575,-85.629,-1.142,0.2674,0.0149,0.1888,1.0068,1.0518,1.3057,-1.1419
11.8536,-1.758,-60.44,84.044,-26.945,-88.659,7.57,-1.525,-78.697,88.216,-21.611,-89.43,-0.425,0.2547,0.0159,0.185,1.0964,1.0108,1.312,-0.4252
11.8869,-2.374,-60.176,84.923,-28.44,-87.78,7.57,-2.847,-71.052,81.508,-21.84,-86.508,0.136,0.2647,0.0203,0.1916,1.0468,1.0788,1.3062,0.1355
11.9201,-2.374,-61.495,85.626,-30.022,-87.077,7.57,-1.354,-65.651,81.398,-27.518,-87.488,-0.932,0.2671,0.0142,0.1891,1.0635,1.0518,1.3058,-0.9315
11.9742,-2.286,-64.747,86.154,-30.549,-87.077,7.57,-2.244,-62.08,83.247,-33.169,-88.234,0.327,0.2659,0.0167,0.1833,1.0509,1.0697,1.3447,0.3272
11.9873,-2.022,-67.297,85.451,-29.67,-87.341,7.57,-1.04,-67.123,80.407,-25.151,-87.592,-1.042,0.265,0.0137,0.1927,1.0747,1.034,1.2932,-1.0421
12.0206,-2.022,-68.527,84.484,-28.44,-87.604,7.57,-3.326,-72.254,85.761,-25.283,-88.617,0.52,0.258,0.0209,0.1837,1.0535,1.0782,1.3602,0.5205
12.0643,-1.758,-67.912,83.692,-27.121,-87.341,7.57,-0.163,-84.843,86.999,-12.815,-86.806,-0.191,0.2506,0.0093,0.1859,1.0817,1.0528,1.2679,-0.1911
12.0875,-1.582,-67.473,83.78,-26.33,-88.132,7.57,-1.193,-72.703,82.557,-21.808,-88.743,0.615,0.26,0.0102,0.1919,1.0375,1.0919,1.3698,0.6149
12.1209,-1.67,-68.0,85.187,-25.275,-87.956,7.57,-2.268,-57.1,81.706,-37.265,-89.826,0.174,0.2696,0.0173,0.1859,1.0646,1.0439,1.3659,0.1737
12.6185,-2.374,-57.187,84.396,-36.264,-89.451,7.57,-3.632,-69.732,82.379,-22.166,-85.286,1.044,0.2643,0.0246,0.1836,1.066,1.0996,1.2695,1.0438
12.642,-2.374,-57.187,84.396,-36.352,-89.451,7.57,-1.928,-62.074,85.623,-33.749,-89.866,1.442,0.265,0.014,0.1735,1.0773,1.1042,1.3724,1.4423
12.6754,-2.549,-57.714,84.308,-35.912,-89.011,7.57,-1.949,-67.814,83.138,-22.123,-89.383,0.111,0.2661,0.014,0.1737,1.1142,1.1549,1.3412,0.1105
12.7191,-3.077,-59.297,84.747,-34.593,-88.308,7.57,-1.218,-68.787,82.288,-23.14,-88.221,0.129,0.2654,0.011,0.1837,1.0694,1.116,1.337,0.1286
12.7417,-2.637,-61.582,85.363,-32.747,-88.659,7.57,-0.804,-69.353,80.937,-17.351,-90.795,0.488,0.2677,0.0092,0.1766,1.149,1.1506,1.3421,0.4877
12.775,-2.198,-64.132,85.187,-29.582,-89.187,7.57,-1.46,-85.015,93.127,-18.394,-87.681,-0.119,0.2473,0.0114,0.172,1.0533,1.114,1.3375,-0.1189
12.8083,-1.846,-66.066,84.308,-25.802,-89.802,7.57,-0.969,-73.106,90.671,-28.105,-89.171,0.126,0.2557,0.0112,0.1701,1.0873,1.0713,1.3331,0.1255
12.852,-1.846,-67.912,84.044,-22.286,-89.89,7.57,-0.623,-83.68,91.404,-17.175,-90.012,0.554,0.2498,0.0084,0.1722,1.1003,1.0957,1.3507,0.5536
12.8752,-1.67,-70.11,85.275,-20.176,-89.714,7.57,-2.248,-69.47,84.989,-22.843,-88.121,0.344,0.2626,0.0162,0.1714,1.104,1.1414,1.3155,0.3442
12.9085,-1.582,-72.396,87.648,-19.297,-89.802,7.57,-1.402,-87.046,91.156,-12.224,-86.652,1.225,0.2501,0.0133,0.1694,1.0907,1.1192,1.2793,1.2248
12.9522,-2.11,-74.593,90.022,-19.297,-89.538,7.57,-0.815,-75.889,82.942,-12.202,-87.887,0.464,0.2614,0.0095,0.1737,1.1283,1.1719,1.2936,0.4636
12.9753,-2.286,-76.703,90.725,-19.385,-88.571,7.57,-2.135,-74.805,86.399,-20.14,-88.76,1.176,0.2584,0.0166,0.1748,1.109,1.1013,1.3159,1.1756
13.0086,-2.198,-78.725,90.549,-18.593,-88.396,7.57,-1.039,-83.728,89.988,-13.52,-87.151,0.477,0.2531,0.0116,0.1672,1.1069,1.1277,1.2796,0.4772
13.0524,-2.198,-79.692,89.495,-17.714,-88.659,7.57,0.779,-70.379,84.436,-20.304,-90.586,0.69,0.2625,0.0025,0.1713,1.1457,1.1361,1.331,0.6902
13.0755,-2.11,-80.571,89.231,-16.659,-88.22,7.57,-0.962,-77.725,88.675,-18.234,-90.928,0.943,0.2564,0.011,0.1679,1.1475,1.1062,1.3364,0.9427
13.109,-1.055,-80.835,89.231,-15.429,-88.044,7.57,-1.154,-100.0,92.852,0.486,-89.066,0.522,0.239,0.0106,0.1673,1.1364,1.1525,1.3103,0.522
13.1526,-0.352,-79.692,89.143,-15.868,-88.923,7.57,-1.539,-64.513,84.569,-25.976,-88.104,0.969,0.265,0.017,0.1668,1.1687,1.0893,1.2386,0.9692
13.1757,-0.879,-78.901,89.846,-16.571,-89.802,7.57,1.286,-88.005,89.829,-7.92,-89.199,1.14,0.2517,0.0022,0.1668,1.1577,1.1086,1.276,1.1397
13.2091,-1.143,-77.846,91.429,-17.538,-89.626,7.57,-0.726,-68.704,86.662,-23.428,-90.434,0.129,0.262,0.0115,0.163,1.1826,1.1066,1.2909,0.1291
13.2527,-0.967,-76.703,91.516,-18.505,-88.835,7.57,0.69,-86.521,91.28,-10.553,-90.558,-0.319,0.2526,0.0045,0.1621,1.1748,1.1085,1.2997,-0.3194
13.2759,-0.264,-75.56,90.725,-19.473,-89.275,7.57,-0.585,-73.422,88.239,-20.452,-88.16,2.912,0.2594,0.0105,0.1617,1.1492,1.1276,1.2665,2.9121
13.3092,0.0,-74.154,89.495,-20.44,-89.802,7.57,-1.268,-80.723,87.69,-10.096,-91.905,1.337,0.2568,0.014,0.1604,1.2329,1.1228,1.2914,1.3366
13.353,0.088,-74.242,89.319,-20.44,-89.714,7.57,-0.878,-71.049,88.056,-23.28,-87.128,0.205,0.2605,0.0092,0.1624,1.0996,1.1711,1.2979,0.2051
13.377,-0.527,-75.297,89.319,-18.681,-89.011,7.57,-0.948,-96.969,93.436,-1.685,-88.122,1.472,0.2455,0.0098,0.161,1.1293,1.171,1.2984,1.4717
13.4095,-0.967,-76.264,89.407,-16.835,-88.044,7.57,-1.479,-63.159,88.786,-30.872,-89.995,1.757,0.2641,0.0162,0.1543,1.1935,1.0937,1.2652,1.757
13.4531,-1.055,-77.495,89.758,-14.901,-88.132,7.57,-0.045,-88.887,92.628,-9.361,-92.02,1.658,0.2503,0.0067,0.1599,1.1848,1.1153,1.3346,1.6583
13.4763,-1.231,-78.725,90.549,-12.967,-89.011,7.57,-1.025,-79.626,86.377,-13.109,-86.697,0.795,0.2574,0.0096,0.171,1.0903,1.1773,1.3,0.7955
13.5097,-0.879,-79.868,91.253,-11.648,-90.242,7.57,0.434,-87.676,89.749,-6.016,-89.841,0.961,0.253,0.0049,0.1608,1.183,1.1503,1.2889,0.9612
13.5534,-0.44,-81.187,92.132,-11.736,-90.857,7.57,-0.131,-79.804,88.783,-13.624,-87.638,0.478,0.2565,0.0083,0.1609,1.1531,1.148,1.2547,0.4784
13.5765,-0.44,-82.33,91.692,-11.824,-90.242,7.57,-1.32,-100.0,93.971,0.517,-87.612,0.439,0.2393,0.0125,0.1612,1.1451,1.1617,1.2663,0.4393
13.6098,-0.527,-83.56,91.165,-12.264,-88.923,7.57,-2.291,-83.341,89.661,-9.849,-88.9,0.922,0.2539,0.0166,0.1576,1.1705,1.1736,1.2854,0.9221
13.6535,-0.879,-84.791,91.077,-12.527,-88.484,7.57,-0.437,-70.93,88.273,-21.753,-87.621,1.285,0.2605,0.0095,0.1577,1.1537,1.1546,1.2559,1.2847
13.6767,-1.495,-85.758,91.077,-11.56,-88.659,7.57,-0.002,-49.315,87.758,-42.244,-88.267,0.216,0.2718,0.0084,0.1482,1.1743,1.1497,1.2513,0.2162
13.71,-1.231,-85.407,90.813,-10.769,-88.571,7.57,-0.73,-72.258,90.683,-23.935,-89.114,0.503,0.2592,0.0089,0.1559,1.1368,1.1601,1.3141,0.5034
13.7539,-0.615,-83.121,90.374,-11.385,-88.396,7.57,0.29,-100.0,90.873,7.367,-88.268,1.672,0.2444,0.0062,0.1575,1.2012,1.1826,1.2363,1.6719
13.7769,-0.615,-79.692,90.549,-13.495,-88.659,7.57,0.158,-80.723,93.154,-15.205,-88.666,1.596,0.2546,0.0052,0.1461,1.1728,1.1906,1.2782,1.5957
13.8102,-0.264,-76.791,91.341,-16.396,-88.659,7.57,-0.453,-59.218,87.553,-32.078,-89.328,1.035,0.2661,0.0102,0.1511,1.1914,1.1376,1.2614,1.0349
13.854,-0.176,-75.033,92.132,-18.066,-88.659,7.57,0.598,-100.0,96.211,1.637,-87.416,0.367,0.2399,0.0028,0.1487,1.1822,1.2301,1.2462,0.3665
13.8772,-0.176,-73.89,92.835,-19.56,-88.747,7.57,-1.783,-81.807,92.315,-13.4,-89.222,0.709,0.2547,0.0158,0.1491,1.1954,1.1585,1.2623,0.7089
13.9105,-0.088,-73.011,93.099,-20.967,-88.396,7.57,-1.8,-92.96,96.83,-8.004,-85.251,1.272,0.248,0.0141,0.1475,1.1111,1.2021,1.2478,1.2724
13.9542,-0.176,-73.714,93.89,-20.527,-88.132,7.57,-0.663,-88.391,94.638,-8.96,-86.04,1.576,0.2517,0.01,0.1461,1.1519,1.1954,1.2278,1.576
13.9773,-0.879,-76.264,94.418,-18.505,-87.604,7.57,-1.141,-94.39,90.587,4.684,-89.189,1.495,0.2525,0.0121,0.1483,1.238,1.217,1.2399,1.4947
14.0108,-0.967,-80.308,94.945,-14.901,-87.077,7.57,-1.751,-69.236,94.318,-28.317,-85.835,1.15,0.2574,0.0163,0.1392,1.1562,1.1694,1.2091,1.1502
14.0545,-0.967,-84.615,94.33,-10.681,-87.429,7.57,0.374,-85.564,91.918,-5.603,-89.584,1.631,0.2534,0.0062,0.1415,1.2508,1.1972,1.2308,1.6309
14.0776,-1.055,-88.484,93.626,-6.286,-88.044,7.57,-1.378,-61.013,91.654,-33.741,-87.063,1.724,0.2629,0.0137,0.1426,1.1631,1.1773,1.2402,1.724
14.1118,-0.879,-91.033,93.538,-3.121,-88.571,7.57,-0.751,-71.633,90.163,-19.957,-86.99,1.2,0.2589,0.0093,0.1461,1.1684,1.223,1.2482,1.1998
14.155,-0.264,-91.473,93.451,-1.89,-88.396,7.57,-0.791,-91.871,92.639,1.265,-86.709,0.968,0.2499,0.0098,0.1384,1.2144,1.2622,1.208,0.9676
14.1779,-0.527,-90.154,92.923,-2.066,-87.956,7.57,-2.485,-83.093,91.387,-5.652,-86.65,0.648,0.2536,0.0152,0.1362,1.1971,1.3074,1.2382,0.6476
14.2113,-0.703,-88.044,92.571,-2.945,-87.253,7.57,0.098,-100.0,95.317,5.045,-84.626,0.845,0.2415,0.0074,0.14,1.1853,1.2284,1.1659,0.8451
14.255,-1.319,-86.11,92.659,-4.264,-87.165,7.57,-1.545,-72.847,89.565,-15.298,-85.559,1.249,0.2588,0.0123,0.1392,1.1791,1.2816,1.2171,1.2489
14.7428,-1.407,-73.802,91.429,-15.077,-85.758,7.57,-1.856,-97.786,95.072,-0.998,-86.366,3.441,0.247,0.0139,0.1532,1.1291,1.2004,1.2624,3.4411
14.7656,-1.407,-73.802,91.429,-15.077,-85.758,7.57,-2.89,-100.0,96.139,2.115,-87.361,3.297,0.235,0.0168,0.1493,1.1784,1.2659,1.2605,3.2969
14.7988,-1.407,-74.33,91.78,-14.462,-85.934,7.57,-3.143,-100.0,96.83,1.905,-85.117,3.868,0.2374,0.0193,0.1447,1.1544,1.258,1.2177,3.8681
14.8322,-1.934,-76.879,93.275,-12.352,-86.549,7.57,-3.485,-100.0,94.797,5.07,-86.313,3.582,0.2379,0.0194,0.1463,1.1766,1.2895,1.2398,3.5818
14.876,-2.286,-81.275,94.769,-8.396,-86.198,7.57,-3.079,-100.0,94.483,6.123,-85.241,3.852,0.2423,0.0183,0.1428,1.1673,1.2847,1.2185,3.8518
14.8991,-2.549,-86.813,95.297,-4.0,-85.846,7.57,-1.798,-100.0,91.076,13.124,-86.016,3.389,0.2474,0.0146,0.1393,1.235,1.2908,1.1744,3.3891
14.9323,-2.549,-91.648,95.209,0.044,-85.758,7.57,-2.925,-89.031,94.285,-5.78,-85.241,3.151,0.2509,0.0169,0.1403,1.1348,1.2801,1.2525,3.1515
14.9762,-2.374,-95.341,94.505,3.912,-85.846,7.57,-1.663,-100.0,94.517,5.384,-84.65,4.694,0.2452,0.0136,0.1424,1.1592,1.2476,1.2,4.694
14.9993,-2.286,-97.099,93.538,7.429,-85.582,7.57,-1.752,-84.977,89.03,-1.649,-82.729,3.932,0.2519,0.015,0.143,1.1717,1.2882,1.1435,3.9324
15.0326,-2.374,-98.066,93.626,9.363,-85.143,7.57,-3.613,-74.933,90.53,-13.6,-85.429,3.644,0.2568,0.0188,0.1378,1.1541,1.3324,1.2549,3.6438
15.0765,-2.374,-98.066,93.802,9.363,-84.527,7.57,-2.532,-100.0,95.261,5.025,-85.235,3.431,0.2415,0.0171,0.139,1.1595,1.2391,1.2133,3.4312
15.0995,-2.637,-96.308,93.275,7.692,-84.0,7.57,-1.919,-82.717,91.819,-5.658,-85.4,3.294,0.2536,0.0141,0.1332,1.204,1.3061,1.1952,3.2939
15.1328,-3.165,-94.022,92.659,5.055,-84.44,7.57,-1.782,-100.0,95.558,8.535,-83.128,3.76,0.2404,0.0116,0.1279,1.163,1.3392,1.1834,3.7596
15.1765,-2.813,-91.209,92.923,1.714,-84.791,7.57,-1.387,-93.248,92.535,5.128,-83.783,3.434,0.2488,0.0102,0.1321,1.1807,1.3514,1.1874,3.4337
15.1996,-2.11,-88.308,93.802,-1.099,-84.44,7.57,-1.338,-63.088,88.549,-22.841,-81.51,4.508,0.2623,0.013,0.1341,1.1538,1.3075,1.1342,4.5081
15.233,-1.846,-86.637,94.681,-3.297,-83.912,7.57,-0.801,-81.191,93.171,-9.634,-85.708,4.075,0.2543,0.009,0.1318,1.1951,1.2889,1.2105,4.0746
15.2767,-2.022,-85.143,94.681,-4.615,-83.121,7.57,-1.885,-89.675,92.338,2.842,-85.165,3.9,0.2506,0.0138,0.1284,1.2259,1.3352,1.1745,3.9001
15.2998,-1.846,-83.736,94.33,-6.637,-82.769,7.57,-2.092,-92.368,90.491,8.96,-83.308,3.462,0.2499,0.0163,0.1293,1.2346,1.3487,1.1124,3.4615
15.3332,-1.846,-84.0,93.978,-7.516,-83.297,7.57,-2.232,-68.417,93.989,-23.206,-82.653,4.636,0.2585,0.0137,0.1238,1.1322,1.3425,1.2004,4.6359
15.377,-1.758,-85.934,93.275,-6.549,-84.176,7.57,-2.546,-87.436,89.711,3.512,-85.665,3.561,0.2519,0.0184,0.1329,1.2516,1.312,1.1536,3.5615
15.4,-1.934,-88.396,93.099,-5.495,-84.088,7.57,-1.534,-72.213,89.621,-10.243,-81.979,4.523,0.2591,0.0114,0.1227,1.19,1.3994,1.1353,4.5227
15.4332,-2.022,-89.89,92.835,-4.088,-83.385,7.57,-1.409,-86.966,87.568,8.348,-83.384,2.133,0.2526,0.0131,0.1287,1.2569,1.3748,1.0996,2.1331
15.4772,-2.198,-89.714,92.22,-2.505,-83.033,7.57,-1.301,-75.537,94.461,-13.83,-81.857,4.327,0.2576,0.0142,0.1185,1.2051,1.3133,1.0912,4.3275
15.5002,-2.11,-88.396,91.341,-0.835,-82.945,7.57,-1.469,-100.0,96.051,10.222,-85.293,3.551,0.239,0.0104,0.1218,1.2247,1.3572,1.1866,3.5508
15.5335,-1.67,-86.374,90.374,0.747,-82.945,7.57,-1.879,-66.31,89.464,-18.3,-82.572,3.845,0.2627,0.0139,0.1267,1.1798,1.3511,1.1519,3.8448
15.5775,-1.582,-84.176,90.637,2.505,-83.121,7.57,-0.997,-87.178,91.0,3.204,-83.017,3.593,0.251,0.0107,0.1261,1.2256,1.3584,1.1214,3.5925
15.6005,-1.846,-81.714,90.813,4.176,-83.121,7.57,-1.021,-81.177,93.811,-7.569,-81.926,2.602,0.2553,0.011,0.1218,1.1878,1.3405,1.1254,2.6021
15.6338,-1.758,-79.253,90.725,4.352,-83.121,7.57,-0.011,-83.155,96.83,-8.466,-82.156,3.519,0.2535,0.0081,0.1145,1.2022,1.3052,1.1083,3.5192
15.6779,-1.495,-77.846,91.429,2.857,-82.857,7.57,-0.235,-78.044,89.882,-1.53,-83.396,4.037,0.2556,0.0061,0.1153,1.2631,1.4156,1.1257,4.0367
15.7009,-1.055,-78.198,93.451,-0.308,-82.857,7.57,-0.705,-98.797,93.929,14.089,-81.542,4.06,0.2465,0.0123,0.1185,1.2577,1.3564,1.0325,4.0598
15.7342,-0.879,-78.989,94.769,-3.824,-82.945,7.57,0.076,-100.0,96.83,10.18,-80.085,3.01,0.2377,0.0061,0.1175,1.1697,1.3424,1.0964,3.0096
15.7779,-0.879,-80.22,94.857,-5.846,-82.857,7.57,-1.555,-98.231,95.47,11.206,-84.992,4.244,0.2462,0.0134,0.117,1.2712,1.3578,1.128,4.2443
15.801,-0.791,-83.121,94.945,-6.11,-82.066,7.57,-0.512,-82.162,90.232,1.366,-83.088,3.539,0.2533,0.0108,0.1189,1.2784,1.3554,1.0633,3.5392
15.8345,-1.055,-87.604,95.385,-4.527,-81.538,7.57,0.145,-100.0,96.83,11.997,-83.756,2.623,0.2402,0.0033,0.1123,1.2308,1.3959,1.1522,2.6225
15.8781,-1.231,-91.736,95.385,-1.89,-81.89,7.57,0.853,-94.135,96.216,6.774,-83.112,3.965,0.2485,0.0038,0.1114,1.2639,1.3601,1.0832,3.9654
15.9012,-0.527,-95.165,95.385,1.363,-82.769,7.57,-0.038,-78.785,91.809,-5.456,-82.801,4.639,0.2543,0.0063,0.1198,1.2278,1.3692,1.1159,4.6387
15.9346,-0.088,-97.099,95.824,4.352,-82.857,7.57,-1.071,-96.877,95.243,10.636,-80.199,4.259,0.2466,0.0112,0.1138,1.213,1.4035,1.0644,4.2586
15.9785,-0.088,-97.099,96.0,6.637,-82.857,7.57,0.43,-100.0,96.442,13.852,-81.961,4.449,0.2372,0.0052,0.1083,1.2517,1.3753,1.0714,4.4488
16.0015,-0.615,-97.011,95.824,7.956,-82.066,7.57,0.523,-93.127,93.155,9.883,-81.915,4.286,0.247,0.0054,0.1152,1.2616,1.3823,1.0598,4.2862
16.0348,-0.352,-97.802,96.088,9.275,-81.363,7.57,1.098,-51.653,88.495,-28.819,-81.875,4.655,0.2626,0.0036,0.1174,1.2466,1.3466,1.0647,4.6546
16.0786,-0.088,-98.593,96.0,10.505,-81.89,7.57,1.059,-100.0,95.005,14.784,-81.292,6.154,0.2429,0.0025,0.1133,1.2452,1.3868,1.0646,6.1538
16.1017,0.176,-98.154,94.681,10.505,-82.066,7.57,1.139,-100.0,88.832,23.645,-79.083,7.198,0.2394,0.0046,0.1199,1.2674,1.3997,0.9737,7.1982
16.1351,0.352,-97.363,93.187,10.242,-81.89,7.769,0.9,-95.49,95.355,8.265,-80.172,7.493,0.2473,0.003,0.1156,1.2111,1.3815,1.0641,7.4928
16.1788,0.44,-97.802,92.044,11.297,-81.187,8.3,0.174,-74.838,89.32,-5.478,-81.888,8.334,0.2566,0.0054,0.1209,1.2353,1.3924,1.0918,8.3336
16.202,0.44,-98.242,92.044,12.0,-80.571,8.367,0.061,-55.422,91.494,-29.171,-82.883,8.191,0.2686,0.0042,0.1157,1.2074,1.3781,1.1478,8.191
16.2355,0.352,-97.626,92.22,11.297,-80.747,8.632,-0.615,-90.685,95.956,2.571,-83.578,9.514,0.2503,0.0123,0.1139,1.2754,1.316,1.0669,9.5142
16.2795,0.088,-95.341,92.22,9.011,-81.714,8.632,-0.17,-67.467,86.399,-10.45,-81.568,9.156,0.2597,0.0079,0.1261,1.234,1.374,1.0751,9.1559
16.3024,-0.176,-92.352,92.659,6.022,-82.418,9.031,0.709,-81.132,92.459,-3.788,-83.094,9.232,0.2539,0.0042,0.1191,1.2467,1.3457,1.1005,9.2316
16.3356,-0.176,-89.187,93.363,3.121,-82.154,9.163,-0.501,-67.397,88.774,-11.832,-83.119,10.281,0.2588,0.0101,0.1165,1.2738,1.3662,1.0738,10.2806
16.3795,0.0,-85.495,93.363,0.132,-81.89,9.23,0.178,-75.17,91.236,-8.256,-83.48,10.1,0.2559,0.0081,0.1183,1.2689,1.3241,1.0763,10.1
16.8701,-0.176,-75.473,92.396,-7.78,-83.209,9.894,0.114,-97.103,92.87,10.232,-82.596,4.544,0.2481,0.0072,0.1299,1.2236,1.3249,1.1009,4.544
16.8925,-0.176,-75.473,92.396,-7.78,-83.209,9.894,-0.178,-100.0,92.04,12.91,-81.559,5.582,0.2339,0.0067,0.1396,1.1981,1.3555,1.1071,5.582
16.9255,-0.176,-76.176,92.571,-7.253,-83.121,9.562,0.199,-97.186,91.5,11.628,-83.365,5.866,0.249,0.0075,0.1331,1.2404,1.3069,1.0984,5.8659
16.9588,0.0,-78.462,93.011,-5.055,-82.681,8.699,1.172,-85.961,86.819,10.077,-79.231,5.157,0.2531,0.0023,0.124,1.2374,1.418,1.0212,5.1565
17.0009,0.088,-82.593,92.747,-0.835,-82.681,8.367,2.344,-100.0,87.3,22.23,-82.759,4.468,0.243,-0.0031,0.1341,1.272,1.3665,1.0793,4.4684
17.0257,0.088,-87.341,92.396,3.824,-82.857,8.367,2.024,-88.646,87.453,9.33,-80.085,5.234,0.2506,-0.0026,0.1315,1.2069,1.3902,1.0771,5.2339
17.059,0.967,-91.824,91.165,8.396,-82.769,8.3,1.209,-97.457,92.057,10.523,-81.036,4.57,0.2465,0.0041,0.1325,1.2104,1.2992,1.06,4.5702
17.0923,1.319,-95.604,90.549,13.231,-82.33,8.3,2.589,-83.997,89.933,1.142,-81.745,4.796,0.2532,-0.0025,0.1275,1.2434,1.3223,1.0608,4.7957
17.1348,1.231,-97.275,90.725,16.659,-81.714,8.3,-1.252,-72.857,81.495,4.723,-82.855,5.054,0.2536,0.0124,0.1268,1.3073,1.4303,1.0484,5.0544
17.1592,1.495,-96.659,90.813,18.154,-81.538,8.3,-0.033,-93.377,87.552,16.338,-83.645,4.793,0.2452,0.0066,0.127,1.2817,1.3916,1.0948,4.7935
17.1925,1.846,-94.198,90.549,17.802,-82.33,8.3,-0.576,-83.367,92.693,-2.979,-81.145,4.566,0.2557,0.0103,0.1223,1.2076,1.3387,1.0691,4.5664
17.235,1.231,-90.945,89.758,16.923,-82.681,8.3,-0.432,-75.852,86.418,-0.426,-83.02,5.259,0.2569,0.0093,0.1239,1.2765,1.3781,1.0689,5.2592
17.2594,0.44,-88.22,90.022,15.077,-82.418,8.3,0.546,-86.28,88.669,6.169,-80.496,5.58,0.2526,0.0067,0.1262,1.238,1.3562,1.0296,5.5796
17.2927,0.264,-85.055,90.374,11.736,-81.89,8.3,0.895,-81.259,84.822,7.002,-80.212,4.916,0.2544,0.0053,0.1277,1.2611,1.3813,1.0068,4.9164
17.3364,0.176,-81.89,89.934,8.396,-81.363,8.3,0.871,-79.361,87.313,1.265,-81.718,5.911,0.2563,0.0054,0.1247,1.2672,1.3494,1.0345,5.9114
17.3596,0.352,-80.132,89.055,5.934,-81.099,8.3,0.114,-73.759,84.472,-0.832,-82.924,4.439,0.2593,0.0072,0.127,1.2757,1.3722,1.0703,4.4388
17.3933,0.352,-79.604,88.0,4.264,-81.363,8.3,0.539,-100.0,93.3,16.802,-82.543,4.281,0.2348,0.0055,0.1196,1.2687,1.3635,1.0665,4.2806
17.4367,0.44,-79.78,87.56,2.681,-82.066,8.3,-0.585,-63.411,83.181,-11.297,-83.303,6.108,0.266,0.0088,0.1289,1.2471,1.3751,1.114,6.1079
17.4598,0.44,-80.132,87.736,1.451,-82.242,8.234,-1.938,-62.541,84.729,-14.242,-84.015,5.062,0.2662,0.0174,0.1265,1.271,1.3274,1.0812,5.0623
17.4931,0.088,-80.835,88.0,0.484,-82.681,8.234,-1.621,-77.442,86.192,2.213,-83.639,5.288,0.2557,0.0155,0.1221,1.2983,1.378,1.0618,5.2875
17.5371,-0.703,-80.396,87.648,-2.066,-83.209,8.234,-2.101,-87.73,91.702,6.083,-80.966,5.051,0.2489,0.0169,0.1163,1.2432,1.3986,1.0484,5.0511
17.56,-1.055,-78.989,87.385,-4.615,-83.297,8.234,-0.542,-78.545,91.986,-4.33,-84.149,5.92,0.2551,0.0099,0.1141,1.2788,1.358,1.0966,5.9201
17.5936,-1.582,-78.549,87.912,-5.846,-82.945,8.234,-1.065,-83.088,89.581,4.33,-83.132,5.536,0.2527,0.0115,0.1172,1.2762,1.4017,1.081,5.5363
17.6379,-1.319,-78.725,89.758,-5.319,-82.242,8.234,-2.864,-65.177,88.187,-13.67,-86.354,4.688,0.2618,0.0187,0.1161,1.2876,1.3768,1.155,4.6883
17.6612,-1.407,-79.429,91.341,-3.121,-82.857,8.234,-2.708,-84.471,89.229,5.673,-82.38,5.919,0.2513,0.0205,0.1196,1.273,1.3801,1.0446,5.9192
17.6938,-2.022,-80.747,91.341,-0.22,-83.824,8.234,-2.658,-89.312,89.928,10.641,-81.763,5.672,0.2481,0.0195,0.1179,1.267,1.4059,1.0405,5.6723
17.7271,-2.022,-81.802,91.077,2.418,-84.967,8.234,-1.396,-84.132,88.561,6.208,-84.851,4.931,0.2516,0.0137,0.1208,1.3046,1.3736,1.0905,4.9314
17.7709,-2.198,-84.0,90.989,5.055,-84.615,8.234,-2.159,-76.669,90.396,-3.262,-85.418,6.174,0.2546,0.0157,0.1137,1.2952,1.3906,1.1235,6.1744
17.794,-2.198,-86.374,90.989,7.429,-84.0,8.234,-1.41,-76.909,87.942,1.263,-82.64,5.61,0.2538,0.0137,0.1144,1.291,1.4173,1.052,5.6105
17.8274,-2.11,-87.253,90.989,8.132,-84.44,8.234,-1.741,-72.964,86.631,-2.22,-83.311,5.436,0.2564,0.0145,0.1183,1.2825,1.4131,1.0813,5.4357
17.8698,-1.758,-86.462,90.813,7.165,-84.791,8.234,-4.095,-64.707,86.242,-9.592,-82.62,5.741,0.2598,0.0261,0.1142,1.2806,1.414,1.0448,5.7413
17.8943,-1.758,-83.56,90.022,4.352,-84.352,8.234,-0.777,-73.661,88.124,-2.251,-83.068,5.875,0.2561,0.0123,0.1126,1.3112,1.3886,1.0332,5.8745
17.9275,-2.198,-78.989,89.319,0.484,-83.648,8.234,-1.445,-76.934,88.173,0.485,-84.647,6.06,0.2548,0.0127,0.1152,1.3034,1.409,1.1,6.0597
17.9715,-3.165,-74.066,89.231,-3.297,-83.736,8.234,-0.215,-73.958,89.227,-4.463,-84.335,5.576,0.2568,0.009,0.1136,1.3079,1.3702,1.076,5.5756
17.9948,-2.901,-70.462,89.319,-6.022,-83.912,8.234,-1.581,-54.782,80.604,-12.642,-82.581,5.773,0.2692,0.0149,0.1156,1.2983,1.4323,1.0459,5.7732
18.028,-1.67,-68.176,89.319,-6.901,-84.088,8.234,-0.515,-68.605,88.451,-9.794,-83.057,6.142,0.2603,0.0111,0.1142,1.2854,1.3611,1.0541,6.1415
18.0717,-1.495,-66.769,89.319,-7.165,-83.648,8.234,-1.603,-86.893,88.183,11.61,-83.755,5.722,0.2511,0.015,0.1181,1.3185,1.4072,1.0475,5.7218
18.0948,-1.319,-65.626,89.231,-7.956,-83.121,8.234,0.902,-79.519,89.337,2.78,-83.684,5.465,0.2541,0.0042,0.112,1.3283,1.3897,1.0469,5.4646
18.1281,-1.319,-65.978,89.143,-8.044,-83.473,8.234,-0.326,-93.751,93.544,10.95,-85.605,6.522,0.2458,0.0068,0.1166,1.3046,1.3934,1.1353,6.5215
18.1723,-1.055,-68.088,89.582,-6.989,-83.473,8.234,-0.622,-65.536,87.008,-10.943,-84.605,7.098,0.2625,0.0097,0.1145,1.2962,1.3833,1.1029,7.0979
18.1954,-0.791,-72.308,90.989,-3.912,-84.176,8.234,-0.51,-61.944,82.151,-6.209,-83.694,6.827,0.2642,0.0088,0.1144,1.322,1.4425,1.0678,6.8274
18.2284,-0.791,-77.495,92.484,-0.132,-84.615,8.3,0.234,-86.475,90.622,7.086,-82.995,6.621,0.251,0.0078,0.1152,1.3019,1.3738,1.0423,6.6213
18.2617,-0.703,-81.89,92.747,2.857,-84.088,8.3,-0.144,-80.752,88.321,5.213,-81.688,6.541,0.2523,0.0079,0.1135,1.2872,1.43,1.04,6.5411
18.3055,-0.44,-84.615,92.396,4.703,-83.473,8.3,0.222,-72.323,90.011,-6.841,-82.522,7.228,0.2565,0.0071,0.1114,1.2844,1.3844,1.0532,7.228
18.3286,-0.44,-85.495,91.341,4.527,-82.945,8.3,0.863,-78.298,89.502,1.882,-80.782,7.761,0.2529,0.0036,0.1088,1.2831,1.4355,1.0226,7.7606
18.362,-0.615,-84.0,90.901,3.209,-82.857,8.3,0.871,-67.763,84.601,-1.701,-81.836,8.499,0.2583,0.0052,0.1101,1.3371,1.4286,0.9876,8.4985
18.406,-0.088,-81.626,90.901,1.451,-82.769,8.433,0.072,-84.724,91.753,3.149,-84.884,9.646,0.2508,0.0077,0.1149,1.3093,1.355,1.0866,9.6463
18.4288,0.176,-78.725,90.462,0.396,-82.505,8.765,0.491,-73.702,87.963,-1.717,-80.56,10.665,0.256,0.0055,0.1114,1.2752,1.4271,1.0199,10.665
18.4623,0.176,-75.209,89.758,0.396,-83.033,9.23,0.52,-69.827,87.553,-6.398,-81.156,10.729,0.2593,0.0064,0.1134,1.2775,1.3919,1.0207,10.7287
18.506,0.352,-73.099,89.758,0.484,-83.473,10.027,0.156,-81.424,87.451,7.373,-82.531,12.794,0.253,0.0051,0.1144,1.2959,1.4517,1.0727,12.7943
18.9934,0.088,-80.923,89.67,7.077,-82.505,12.616,-1.46,-87.844,87.681,11.29,-86.771,3.599,0.2501,0.0127,0.1234,1.3265,1.3797,1.1284,3.5994
19.0164,0.088,-81.011,89.67,7.077,-82.505,12.616,-1.695,-79.093,87.808,1.038,-82.932,3.49,0.2555,0.0142,0.1221,1.2576,1.3914,1.087,3.4897
19.0497,-0.176,-81.802,89.67,7.868,-83.033,12.351,-0.626,-70.37,85.064,-5.185,-83.353,5.004,0.261,0.0094,0.1252,1.2646,1.3827,1.0988,5.0043
19.0936,-0.879,-82.681,89.67,8.747,-84.0,11.222,-1.259,-69.592,86.833,-7.674,-83.072,4.217,0.2608,0.0114,0.1206,1.2512,1.4013,1.1109,4.2167
19.1165,-0.879,-82.418,89.231,8.22,-83.648,9.761,-3.411,-78.666,94.86,-11.406,-82.09,4.729,0.2573,0.0227,0.1187,1.1856,1.3276,1.104,4.7287
19.1498,-0.791,-80.571,88.527,6.198,-83.385,9.296,-2.466,-75.578,85.216,-0.749,-79.697,4.63,0.258,0.0187,0.1285,1.2064,1.3966,1.0397,4.6298
19.1831,-1.846,-78.022,88.527,2.066,-83.209,9.296,-1.872,-59.335,86.318,-18.136,-78.633,4.104,0.2665,0.0161,0.1175,1.1908,1.4066,1.0353,4.1039
19.2268,-2.549,-76.264,88.879,-2.242,-81.802,9.296,-2.079,-40.855,82.967,-34.357,-84.143,4.367,0.2775,0.0178,0.1191,1.2587,1.3437,1.1067,4.3675
19.25,-2.374,-74.154,88.791,-7.077,-80.659,9.296,-2.481,-58.254,84.837,-17.922,-81.496,4.284,0.267,0.0193,0.1207,1.2328,1.3765,1.0646,4.2843
19.2833,-2.374,-71.253,87.912,-12.264,-80.747,9.296,-2.325,-75.407,91.351,-7.566,-81.821,3.542,0.2555,0.0176,0.116,1.2295,1.3777,1.0812,3.5423
19.327,-2.286,-67.297,87.209,-17.978,-81.363,9.296,-1.274,-57.55,87.704,-23.507,-79.676,4.349,0.2676,0.0135,0.1179,1.1854,1.3629,1.0626,4.3495
19.3502,-1.846,-63.956,86.857,-22.637,-81.538,9.296,-2.119,-65.853,94.909,-24.229,-83.552,5.756,0.2577,0.016,0.1128,1.2035,1.3275,1.1471,5.7564
19.3834,-1.758,-61.319,88.0,-25.363,-81.099,9.296,-0.396,-78.715,91.946,-5.312,-80.097,5.14,0.2547,0.0088,0.119,1.2055,1.3786,1.0596,5.1396
19.4272,-1.67,-60.703,89.758,-25.89,-80.484,9.296,0.127,-69.307,88.09,-10.327,-80.581,4.183,0.2624,0.0066,0.1194,1.2192,1.382,1.0621,4.1829
19.4504,-2.022,-61.582,92.308,-24.571,-80.484,9.296,-0.859,-69.772,88.043,-7.79,-81.555,5.382,0.2617,0.0116,0.1139,1.2588,1.3974,1.0505,5.3822
19.4837,-1.143,-64.308,93.011,-20.967,-80.396,9.296,0.756,-68.875,87.535,-8.041,-81.814,4.92,0.2621,0.0053,0.1142,1.2796,1.3768,1.0342,4.9204
19.5263,-0.879,-67.033,92.923,-16.571,-80.835,9.296,-1.499,-79.027,88.736,2.137,-84.862,5.341,0.2564,0.0148,0.1143,1.3241,1.3826,1.0711,5.3412
19.5506,-0.791,-67.912,91.429,-12.967,-81.187,9.296,-2.781,-43.294,82.869,-30.026,-84.162,6.065,0.2732,0.0218,0.1138,1.2914,1.3469,1.0632,6.0653
19.5839,-0.791,-68.703,90.374,-9.451,-82.154,9.296,-0.946,-77.252,89.626,-1.46,-81.341,6.245,0.2551,0.0119,0.1139,1.2608,1.4044,1.0436,6.2455
19.6276,-1.67,-69.143,89.407,-5.67,-82.945,9.296,-2.875,-56.819,85.834,-18.519,-86.2,6.005,0.2666,0.0167,0.1124,1.28,1.4242,1.1792,6.0053
19.6506,-1.846,-69.407,88.44,-3.648,-82.681,9.296,-1.425,-69.068,86.04,-5.269,-83.009,7.94,0.2605,0.0131,0.1154,1.2824,1.4185,1.0764,7.9401
19.6841,-1.758,-69.67,88.352,-3.473,-82.33,9.296,-1.402,-79.435,94.85,-8.055,-83.047,8.356,0.2529,0.0147,0.1132,1.2487,1.3311,1.0781,8.3564
19.7278,-1.846,-69.319,88.352,-4.44,-82.593,9.363,-1.695,-66.703,91.581,-16.255,-84.95,9.331,0.26,0.0136,0.1101,1.2664,1.3714,1.1389,9.3314
19.751,-1.758,-69.495,88.703,-6.022,-82.857,9.695,-2.267,-65.724,87.802,-9.932,-86.15,10.555,0.2602,0.0177,0.1087,1.3374,1.3864,1.0919,10.5546
19.7843,-1.67,-69.758,90.198,-8.396,-83.56,10.027,-1.304,-68.739,85.967,-5.717,-83.574,10.054,0.2607,0.0149,0.116,1.3102,1.3736,1.0406,10.054
19.828,-1.67,-68.791,91.253,-10.769,-84.703,10.359,-1.104,-72.831,91.018,-8.106,-83.415,10.434,0.2564,0.0116,0.1108,1.2703,1.3919,1.0951,10.434
19.8512,-1.495,-67.209,90.989,-12.176,-84.791,10.425,-0.362,-55.439,82.365,-14.007,-84.41,10.75,0.2685,0.0095,0.1124,1.3301,1.4032,1.0639,10.7501
19.8844,-1.319,-67.121,90.637,-11.912,-84.088,10.491,-1.867,-63.83,84.668,-9.17,-84.402,10.727,0.2639,0.0171,0.1155,1.3184,1.3761,1.0558,10.7274
19.9284,-1.319,-67.033,90.11,-11.209,-84.088,10.624,-2.063,-64.646,93.522,-20.468,-83.055,11.117,0.2579,0.0171,0.1052,1.2521,1.358,1.0834,11.1167
19.9514,-1.231,-65.89,88.615,-10.505,-84.264,10.624,-1.02,-65.617,86.733,-7.965,-85.744,11.312,0.2609,0.0107,0.1082,1.3357,1.4208,1.1056,11.3122
19.9848,-1.582,-65.011,87.912,-10.066,-83.912,10.823,-1.293,-73.429,90.539,-6.084,-85.993,12.652,0.2555,0.0133,0.1105,1.3267,1.3674,1.0988,12.6524
20.0287,-1.758,-65.363,88.264,-9.451,-83.824,11.089,-0.056,-64.657,85.405,-6.48,-83.852,12.335,0.2618,0.008,0.1072,1.3404,1.4234,1.0436,12.3351
20.0517,-1.67,-66.857,89.231,-7.956,-84.791,11.687,-0.631,-60.824,85.329,-11.861,-83.54,13.438,0.2643,0.0097,0.1095,1.3055,1.4221,1.0731,13.4381
20.085,-1.055,-68.703,90.462,-7.429,-84.967,12.019,-0.88,-76.799,88.227,0.935,-82.809,12.499,0.2557,0.0121,0.113,1.303,1.403,1.0393,12.499
20.1267,-0.527,-69.407,90.462,-8.308,-84.527,12.417,1.07,-54.359,87.2,-21.651,-82.689,13.918,0.2661,0.0039,0.1059,1.2998,1.3745,1.0413,13.9181
20.1519,-0.527,-69.934,90.198,-9.626,-83.912,12.483,-1.871,-57.578,86.761,-17.716,-85.93,14.615,0.2646,0.018,0.1084,1.346,1.3459,1.0601,14.6153
20.1852,-0.527,-70.198,90.11,-11.209,-83.56,13.081,-1.044,-61.484,84.304,-9.115,-83.79,15.539,0.2641,0.0125,0.1097,1.3299,1.4189,1.0471,15.5389
20.2288,0.0,-69.231,89.758,-13.67,-83.824,13.612,-0.439,-55.78,86.692,-18.789,-83.027,15.81,0.266,0.0109,0.1051,1.3143,1.3833,1.0312,15.8098
20.2522,-0.088,-66.593,88.879,-15.165,-84.615,14.409,-0.31,-84.012,94.745,-0.188,-85.283,15.917,0.2485,0.0097,0.1086,1.3211,1.3525,1.0833,15.9168
20.2854,-0.44,-63.253,87.824,-16.396,-84.176,14.94,-1.634,-75.66,92.394,-6.068,-86.818,16.874,0.2531,0.0145,0.1092,1.3283,1.3639,1.1223,16.8744
20.3292,-0.703,-60.088,87.736,-16.659,-83.648,15.405,-1.64,-54.899,84.534,-18.206,-86.818,17.802,0.2685,0.016,0.1105,1.3499,1.3525,1.0891,17.8018
20.3523,-0.879,-58.242,89.495,-15.341,-84.352,16.135,-1.355,-64.704,84.338,-8.288,-84.575,16.697,0.2665,0.0135,0.1169,1.3065,1.3895,1.0846,16.6968
20.3856,-1.407,-57.626,91.165,-13.582,-85.495,16.866,-0.107,-73.73,88.01,-0.754,-85.321,17.662,0.2602,0.0084,0.1086,1.3541,1.3986,1.067,17.6621
20.4293,-1.407,-57.802,91.692,-11.209,-85.758,16.866,-1.067,-76.046,86.486,0.821,-82.994,17.862,0.2649,0.0134,0.1179,1.2905,1.3875,1.0497,17.8622
20.4525,-0.967,-59.736,90.901,-8.22,-85.319,16.733,-0.498,-66.425,89.924,-12.476,-84.199,18.698,0.2628,0.0112,0.1061,1.3119,1.3637,1.0563,18.6975
20.4866,-0.791,-63.253,89.582,-4.791,-85.055,17.264,-0.932,-76.456,90.201,-2.503,-84.527,19.106,0.2575,0.0125,0.1115,1.3138,1.3719,1.0653,19.1062
20.5302,-0.615,-66.945,89.319,-2.33,-84.088,17.862,-0.442,-52.073,81.732,-17.278,-86.476,19.783,0.2723,0.0105,0.1129,1.3604,1.3634,1.0744,19.783
20.5535,-0.879,-70.286,90.11,-1.802,-84.615,18.327,-0.9,-47.18,78.933,-17.909,-84.607,21.74,0.2735,0.0116,0.1134,1.3397,1.4194,1.0618,21.7402
20.5867,-0.703,-72.396,90.901,-3.033,-85.582,18.858,0.226,-37.223,79.285,-30.526,-84.951,20.695,0.278,0.0076,0.1144,1.3299,1.3667,1.0704,20.6951
20.6304,-0.703,-72.571,90.549,-6.549,-85.67,19.854,-2.08,-58.968,84.858,-15.115,-85.884,21.045,0.2654,0.0171,0.1157,1.3197,1.3662,1.0982,21.0445
21.0812,-2.11,-59.121,86.154,-15.341,-85.846,20.784,-3.135,-97.203,89.823,22.511,-87.676,19.039,0.2425,0.0177,0.1189,1.3611,1.4694,1.1446,19.0387
21.1047,-2.11,-59.121,86.154,-15.341,-85.846,20.784,-3.506,-79.197,85.76,7.896,-87.524,19.998,0.2546,0.022,0.1167,1.3693,1.4281,1.109,19.9983
21.1377,-2.198,-59.736,86.418,-14.462,-86.374,20.319,-3.788,-78.28,86.746,6.188,-88.092,20.347,0.2538,0.0233,0.1133,1.3802,1.4239,1.1103,20.347
21.1814,-2.637,-61.934,87.209,-11.736,-87.165,19.854,-2.845,-79.398,85.71,10.049,-88.509,19.45,0.2533,0.0198,0.1113,1.4191,1.4225,1.0796,19.4499
21.2046,-3.253,-65.626,87.297,-7.253,-87.165,20.186,-3.898,-71.379,85.761,-3.292,-89.427,20.895,0.2595,0.0239,0.12,1.355,1.3665,1.1598,20.8953
21.2378,-3.341,-70.198,87.297,-1.978,-87.956,20.186,-2.205,-63.759,84.193,-6.778,-86.787,21.018,0.2627,0.0186,0.1118,1.3715,1.3842,1.0684,21.0177
21.2815,-3.341,-73.714,87.121,2.593,-88.484,20.053,-2.056,-60.795,79.339,-3.681,-86.042,22.101,0.2658,0.0151,0.1183,1.3515,1.4549,1.1047,22.1007
21.3047,-3.516,-76.0,87.033,5.758,-88.22,20.518,-4.269,-84.535,84.778,15.332,-89.582,22.621,0.2482,0.0247,0.1175,1.4092,1.4261,1.1176,22.6206
21.3381,-2.989,-75.648,85.714,6.989,-87.341,21.182,-4.421,-76.596,87.729,0.214,-88.868,21.36,0.2553,0.0246,0.1175,1.3362,1.3976,1.1737,21.3604
21.3818,-2.989,-74.857,83.692,7.429,-87.253,21.713,-4.163,-78.556,81.887,11.241,-90.334,21.647,0.2529,0.0245,0.1239,1.4084,1.4061,1.137,21.6467
21.4049,-3.604,-75.121,83.165,7.868,-88.132,21.514,-2.662,-86.087,86.612,11.969,-89.434,21.245,0.2482,0.0171,0.1226,1.3731,1.3895,1.1592,21.2452
21.4382,-3.868,-76.44,83.692,8.22,-89.099,21.58,-3.796,-72.528,78.098,8.238,-89.646,21.182,0.2583,0.0257,0.1314,1.4095,1.3614,1.0927,21.1819
21.4804,-3.78,-78.549,84.835,9.626,-89.275,21.315,-3.36,-83.583,85.838,10.082,-90.453,21.957,0.2505,0.0203,0.1232,1.3829,1.3806,1.1714,21.9567
21.5051,-3.516,-80.835,86.154,10.769,-89.187,21.248,-3.287,-77.542,83.07,7.098,-87.51,21.597,0.2548,0.0194,0.1254,1.3358,1.4264,1.1524,21.5971
21.5384,-3.516,-81.89,86.418,10.593,-89.714,21.381,-4.034,-63.289,81.328,-7.89,-87.802,22.053,0.2656,0.0246,0.1295,1.3157,1.3757,1.1576,22.0533
21.5821,-3.341,-81.275,85.89,9.275,-89.363,21.448,-2.678,-64.129,84.878,-11.303,-88.966,23.249,0.2659,0.0178,0.1235,1.3235,1.3634,1.1934,23.2493
21.6054,-3.429,-78.813,85.099,6.901,-88.747,21.647,-2.078,-64.235,81.649,-5.561,-89.236,22.135,0.265,0.0168,0.1242,1.3743,1.3615,1.1413,22.1348
21.6386,-3.429,-74.681,84.484,2.593,-88.923,22.311,-3.095,-68.168,80.716,-0.394,-87.495,22.848,0.2623,0.0204,0.1269,1.3423,1.3968,1.1309,22.8483
21.6823,-2.989,-70.462,84.396,-1.89,-89.099,22.51,-2.008,-57.865,76.525,-3.687,-86.389,22.759,0.27,0.0171,0.1221,1.3757,1.4172,1.0669,22.7586
21.7055,-3.077,-67.648,83.868,-5.407,-88.659,22.51,-2.706,-63.539,80.616,-5.686,-86.703,23.368,0.2666,0.0181,0.1256,1.317,1.4037,1.1413,23.3684
21.7388,-2.901,-64.923,82.989,-7.165,-87.692,22.576,-2.842,-72.423,81.394,3.391,-87.119,22.794,0.2601,0.0196,0.1273,1.3458,1.3924,1.114,22.794
21.7825,-2.637,-62.901,81.758,-7.253,-87.604,22.776,-2.601,-69.9,83.771,-4.409,-87.111,23.365,0.2618,0.0166,0.1283,1.2919,1.3883,1.1803,23.3654
21.8056,-2.549,-62.637,81.407,-5.582,-87.604,22.776,-2.663,-76.006,85.179,1.394,-88.441,21.849,0.2562,0.0184,0.1268,1.3409,1.3614,1.1517,21.849
21.8389,-2.549,-64.044,82.637,-2.945,-87.604,22.908,-2.416,-57.552,78.664,-9.269,-87.723,22.677,0.2722,0.0171,0.1244,1.3398,1.3978,1.148,22.6773
21.8827,-2.549,-66.857,84.659,-0.835,-87.868,22.709,-2.334,-68.885,83.652,-4.916,-89.754,21.684,0.2638,0.0168,0.1265,1.3494,1.3442,1.1804,21.6836
21.9059,-2.549,-69.758,85.538,-0.308,-87.868,22.311,-1.337,-70.908,80.739,1.167,-86.891,22.914,0.263,0.0148,0.1311,1.3461,1.3431,1.0926,22.914
21.9394,-2.725,-71.868,85.099,-1.275,-88.044,22.244,-2.979,-78.673,86.08,3.437,-89.814,22.471,0.2545,0.0197,0.1244,1.3628,1.3538,1.1653,22.4706
21.9829,-2.549,-72.659,84.484,-2.857,-88.044,22.244,-2.816,-61.739,79.478,-6.54,-89.648,22.795,0.268,0.0196,0.1286,1.3659,1.3587,1.16,22.7952
22.0061,-2.549,-73.275,83.604,-3.385,-88.22,22.444,-2.657,-69.927,82.67,-2.624,-88.97,21.627,0.2622,0.0185,0.129,1.342,1.353,1.1655,21.6272
22.0394,-2.637,-72.835,82.989,-3.648,-88.835,22.51,-3.006,-81.71,81.597,13.098,-87.249,22.509,0.2531,0.0201,0.1303,1.3563,1.3978,1.1089,22.5093
22.0814,-2.637,-71.604,82.725,-4.088,-88.923,22.311,-2.243,-66.766,79.689,-1.158,-90.802,23.059,0.2652,0.017,0.1296,1.3918,1.3525,1.1669,23.0587
22.1064,-2.637,-70.901,82.725,-2.857,-88.396,22.112,-0.997,-70.919,87.34,-8.465,-88.714,23.274,0.2609,0.0127,0.1246,1.3332,1.2917,1.1496,23.2742
22.1397,-2.549,-69.846,82.725,-1.626,-88.132,22.51,-3.791,-63.1,79.383,-5.356,-89.578,23.292,0.2674,0.0234,0.13,1.3523,1.3693,1.1723,23.2921
22.1833,-2.286,-68.703,82.462,-1.451,-88.571,22.776,-5.267,-72.074,80.385,3.404,-90.788,23.166,0.26,0.0283,0.1315,1.3603,1.398,1.2048,23.166
22.2065,-2.11,-67.736,82.637,-2.33,-89.011,22.842,-3.769,-61.275,80.005,-9.354,-89.068,23.23,0.2696,0.0228,0.1313,1.3199,1.3642,1.1919,23.2305
22.2398,-3.077,-67.297,82.462,-3.56,-89.714,22.842,-4.164,-53.34,75.093,-8.85,-90.284,23.139,0.2753,0.0252,0.1278,1.3827,1.3954,1.1669,23.1392
22.2834,-3.868,-66.681,82.286,-5.055,-89.89,22.975,-4.002,-75.826,82.386,2.103,-88.258,21.666,0.2583,0.0249,0.1375,1.3132,1.3363,1.1617,21.6661
22.3067,-4.132,-65.011,81.758,-6.462,-89.89,22.908,-3.274,-45.816,73.97,-18.471,-87.787,23.682,0.2834,0.024,0.1329,1.3273,1.3397,1.1346,23.6823
22.34,-4.132,-62.198,80.615,-6.637,-89.714,22.444,-2.428,-61.797,79.452,-7.065,-89.754,22.421,0.2695,0.0176,0.1294,1.3582,1.3541,1.1735,22.4212
22.3838,-3.78,-59.473,79.648,-6.462,-88.923,22.178,-4.41,-59.887,77.626,-8.153,-89.837,23.704,0.2721,0.0277,0.1346,1.3452,1.3355,1.1686,23.7038
22.4069,-3.429,-56.659,78.681,-6.549,-88.923,22.244,-4.492,-60.987,81.196,-14.551,-86.728,23.896,0.2718,0.029,0.1377,1.2579,1.2995,1.1526,23.8957
22.4401,-3.341,-55.077,79.121,-6.901,-89.363,22.842,-3.861,-72.994,84.064,-4.214,-89.686,23.999,0.2619,0.0232,0.1388,1.2991,1.322,1.2183,23.9987
22.4839,-3.692,-55.341,80.703,-8.22,-89.099,23.373,-3.793,-59.941,81.125,-12.625,-89.388,24.074,0.2717,0.0233,0.1294,1.3149,1.3503,1.2038,24.0736
22.5072,-3.868,-57.714,82.549,-9.714,-88.571,23.506,-2.963,-63.275,76.753,-2.68,-88.996,23.936,0.2719,0.0203,0.1355,1.348,1.3657,1.1624,23.9355
22.5405,-4.132,-60.791,83.868,-10.33,-88.923,23.572,-3.211,-70.762,78.332,1.872,-87.429,23.503,0.2665,0.0213,0.1409,1.309,1.3602,1.1544,23.503
22.5845,-3.868,-62.813,83.516,-10.066,-89.099,23.572,-3.037,-69.884,81.736,-4.369,-88.223,24.636,0.2645,0.0199,0.1383,1.2931,1.3342,1.1901,24.6363
22.6074,-3.78,-65.099,82.374,-8.396,-88.484,23.572,-2.885,-60.068,79.226,-13.286,-89.141,24.112,0.2723,0.0224,0.1417,1.3112,1.2604,1.1675,24.1117
22.6407,-3.516,-67.297,81.582,-6.022,-88.484,23.772,-3.975,-64.728,81.601,-13.698,-89.306,24.142,0.2686,0.023,0.147,1.2374,1.2952,1.2687,24.1421
22.683,-3.165,-67.824,81.582,-4.791,-88.923,23.971,-3.901,-62.105,79.312,-13.547,-89.808,26.358,0.2715,0.0247,0.1493,1.2682,1.2669,1.2369,26.3576
22.708,-3.341,-67.121,81.934,-5.143,-89.099,23.971,-3.983,-65.478,80.762,-13.432,-88.36,26.072,0.2694,0.0244,0.1529,1.2198,1.2653,1.2459,26.0721
23.2039,-3.956,-64.923,82.462,-12.352,-88.747,25.764,-3.003,-87.688,85.705,12.124,-91.329,23.805,0.2492,0.018,0.1348,1.3636,1.3528,1.2123,23.8046
23.2268,-3.956,-64.923,82.462,-12.352,-88.747,25.764,-2.669,-75.018,87.587,-5.494,-91.454,24.318,0.2572,0.0175,0.1301,1.3326,1.3026,1.2345,24.3182
23.2601,-3.868,-65.802,82.813,-11.824,-89.275,25.432,-3.624,-63.46,81.728,-8.689,-89.378,24.085,0.2672,0.0232,0.1282,1.3378,1.3459,1.1765,24.0851
23.3039,-3.429,-68.264,84.747,-9.802,-90.242,24.768,-2.33,-91.007,83.306,19.323,-92.448,24.55,0.2492,0.0166,0.1372,1.4149,1.3322,1.1833,24.5499
23.3269,-3.253,-70.901,86.857,-7.516,-90.154,24.635,-5.425,-75.811,86.884,-2.652,-92.843,24.762,0.2564,0.0294,0.1279,1.3547,1.3271,1.2517,24.7617
23.3602,-3.253,-73.451,87.209,-5.231,-89.978,24.701,-4.039,-65.77,81.012,-5.7,-92.632,23.829,0.2648,0.0245,0.1326,1.3788,1.3233,1.2212,23.8293
23.4029,-3.077,-76.527,87.297,-2.857,-90.681,24.701,-3.222,-82.693,90.747,-4.078,-89.158,23.877,0.2534,0.0195,0.1342,1.2547,1.2933,1.2463,23.8765
23.4271,-3.341,-78.549,87.209,-2.154,-91.648,24.369,-4.41,-76.355,86.626,-4.233,-91.536,25.761,0.2572,0.0253,0.1351,1.3135,1.2977,1.2516,25.7607
23.4609,-3.692,-80.22,87.209,-2.681,-91.473,24.236,-4.385,-80.814,84.033,3.578,-93.538,24.264,0.2549,0.0255,0.1416,1.3564,1.2806,1.2602,24.2641
23.5043,-3.868,-80.747,87.209,-3.297,-91.033,24.568,-4.605,-55.371,78.433,-12.991,-88.358,24.394,0.2711,0.0283,0.1325,1.3321,1.3547,1.1532,24.3938
23.5275,-4.22,-80.396,87.033,-2.769,-91.648,24.967,-1.148,-55.927,83.724,-23.061,-89.757,25.865,0.2724,0.0119,0.1352,1.2803,1.2857,1.2373,25.865
23.5606,-4.396,-79.516,85.538,-2.154,-92.527,24.834,-3.151,-70.522,82.406,-3.886,-90.24,24.228,0.2623,0.0216,0.1364,1.3374,1.3033,1.1898,24.228
23.6044,-3.78,-77.055,83.341,-2.681,-92.088,24.701,-3.331,-75.862,85.428,-3.664,-86.569,25.759,0.2586,0.0215,0.1373,1.255,1.3174,1.1749,25.7589
23.6275,-3.165,-74.33,82.374,-3.385,-91.209,24.568,-3.232,-66.664,85.807,-16.551,-90.743,26.718,0.2662,0.0195,0.1408,1.2517,1.2736,1.2902,26.7184
23.6609,-2.989,-72.571,82.989,-3.297,-89.978,24.635,-5.13,-68.367,84.554,-9.891,-89.446,24.962,0.263,0.0308,0.1342,1.3028,1.2906,1.1918,24.9618
23.7045,-3.077,-70.989,84.747,-4.088,-88.659,25.697,-2.027,-63.347,82.406,-15.008,-91.035,25.159,0.2693,0.017,0.1424,1.3057,1.2377,1.2284,25.159
23.7278,-3.692,-69.143,85.978,-6.022,-88.571,25.963,-3.837,-70.692,85.188,-11.508,-92.205,25.972,0.2638,0.0222,0.1435,1.2777,1.2636,1.3022,25.9717
23.7612,-4.396,-67.473,86.066,-8.571,-89.714,25.432,-4.12,-64.552,84.089,-18.764,-95.01,25.471,0.2687,0.0236,0.1486,1.2854,1.2139,1.3605,25.4714
23.8056,-4.396,-66.418,85.714,-11.121,-90.945,25.432,-3.832,-59.292,82.579,-19.535,-92.22,26.157,0.2706,0.0245,0.1401,1.3034,1.2461,1.2661,26.157
23.8283,-4.396,-65.626,85.714,-13.582,-92.176,25.432,-3.929,-57.276,77.322,-14.884,-92.682,26.46,0.2748,0.0251,0.1467,1.3259,1.263,1.2617,26.4603
23.8614,-4.308,-64.396,85.626,-15.78,-93.407,25.564,-3.101,-67.137,84.415,-15.888,-92.123,26.315,0.2658,0.0199,0.1476,1.2651,1.2288,1.302,26.315
23.8948,-4.132,-61.934,84.044,-16.308,-92.967,25.896,-2.931,-52.647,82.71,-32.034,-92.845,26.281,0.2763,0.0171,0.1506,1.2048,1.2252,1.3884,26.2812
23.9386,-3.956,-59.648,82.11,-15.692,-92.703,25.896,-0.621,-57.024,79.049,-22.456,-90.945,27.85,0.2778,0.0095,0.1571,1.2364,1.2006,1.2948,27.85
23.9623,-3.516,-57.538,81.495,-15.78,-92.791,25.963,-2.185,-67.934,86.814,-22.548,-92.044,26.184,0.2657,0.0167,0.1576,1.2109,1.1425,1.3252,26.1835
23.9953,-2.725,-55.429,81.495,-17.187,-92.264,26.627,-2.378,-65.737,87.04,-25.643,-95.207,25.84,0.2674,0.0157,0.158,1.2238,1.1391,1.4038,25.8403
24.04,-2.022,-54.813,82.022,-19.121,-92.0,26.959,-2.753,-58.236,81.121,-28.545,-94.447,23.944,0.2772,0.0193,0.1682,1.2069,1.1078,1.3795,23.9443
24.0622,-1.758,-55.868,83.868,-21.495,-92.791,26.494,-3.721,-75.47,89.118,-19.844,-93.862,22.207,0.2598,0.0232,0.1659,1.1881,1.1116,1.3796,22.2067
24.0956,-2.198,-57.802,86.066,-23.956,-94.11,25.432,-1.847,-66.142,81.773,-22.549,-97.298,22.302,0.2718,0.0142,0.1764,1.2218,1.0747,1.4367,22.3024
24.1419,-2.725,-59.912,87.648,-25.538,-94.022,24.037,-0.716,-71.824,88.193,-28.624,-98.195,19.62,0.2631,0.0095,0.1812,1.1694,0.9818,1.4755,19.6203
24.1624,-2.989,-62.286,88.527,-25.363,-94.022,23.307,-3.403,-72.63,83.467,-24.902,-97.848,18.902,0.2656,0.021,0.1966,1.1255,0.986,1.5083,18.902
24.1957,-2.11,-64.747,88.44,-25.011,-95.165,22.244,-2.08,-93.92,92.245,-16.375,-96.948,19.073,0.247,0.0136,0.2016,1.0499,0.955,1.5353,19.0725
24.229,-1.846,-67.912,88.44,-24.747,-96.659,20.717,-2.143,-73.884,82.962,-25.927,-101.452,16.685,0.2603,0.0172,0.2067,1.1476,0.8826,1.5401,16.6846
24.274,-1.846,-71.077,88.088,-24.044,-96.835,20.12,-2.267,-82.63,89.974,-30.613,-97.364,13.868,0.2471,0.0149,0.2129,0.9808,0.8834,1.5735,13.8682
24.2959,-1.934,-74.33,87.736,-23.253,-96.747,19.456,-3.464,-84.411,88.324,-25.965,-103.739,10.509,0.2448,0.0209,0.2146,1.0791,0.8298,1.6426,10.5093
24.3293,-2.022,-77.231,87.121,-23.516,-97.099,17.663,-2.889,-87.553,87.218,-26.336,-102.756,6.615,0.2381,0.0183,0.2305,1.002,0.7769,1.6572,6.6149
24.3627,-2.549,-80.044,87.297,-24.571,-97.89,15.206,-2.892,-79.196,87.816,-37.854,-102.418,5.22,0.2389,0.0162,0.2308,0.9362,0.7845,1.6986,5.2198
24.4073,-2.989,-82.769,88.088,-25.187,-99.56,12.218,-4.339,-91.324,87.889,-29.548,-105.342,1.432,0.226,0.0206,0.2461,0.8981,0.7343,1.7873,1.4317
24.4297,-2.989,-85.055,88.527,-26.154,-101.055,9.23,-4.42,-78.44,89.149,-47.31,-109.286,1.267,0.228,0.0204,0.2463,0.8723,0.6692,1.8736,1.2671
24.4629,-3.253,-86.11,88.264,-27.56,-102.374,6.507,-4.089,-95.791,91.032,-33.279,-110.063,0.173,0.2141,0.0189,0.2524,0.8632,0.6366,1.8846,0.1726
24.5077,-3.604,-87.956,89.055,-28.967,-104.396,4.382,-3.776,-97.939,95.38,-38.95,-110.152,-0.275,0.2075,0.0162,0.2507,0.7955,0.6129,1.9143,-0.275
24.53,-3.78,-89.363,90.462,-30.813,-107.121,2.722,-6.283,-94.952,96.83,-49.812,-113.487,0.316,0.1981,0.025,0.2607,0.7169,0.513,2.0253,0.3162
24.5632,-4.132,-91.56,92.396,-32.923,-108.0,1.793,-5.447,-99.714,95.088,-46.031,-113.553,-0.78,0.1909,0.0196,0.2722,0.6541,0.5113,2.0466,-0.7804
24.5965,-4.396,-94.198,94.857,-36.352,-109.495,1.328,-3.613,-65.075,88.169,-74.648,-118.538,0.021,0.2014,0.0155,0.2767,0.6977,0.4298,2.0884,0.0215
24.6426,-5.011,-96.22,95.56,-40.22,-111.429,0.93,-5.616,-57.362,86.286,-83.033,-116.015,-0.758,0.1951,0.0235,0.2816,0.657,0.3892,2.0729,-0.7581
24.6636,-5.099,-97.011,95.385,-44.44,-113.275,0.598,-4.438,-68.103,91.115,-81.992,-122.289,-0.181,0.1742,0.0151,0.2819,0.5654,0.3642,2.2067,-0.1814
24.697,-4.484,-95.956,93.802,-50.242,-115.121,0.465,-1.34,-55.3,88.24,-95.0,-125.566,0.143,0.1642,0.0081,0.2869,0.5143,0.269,2.2215,0.1426
24.7303,-4.308,-93.143,91.516,-57.538,-116.967,0.398,-3.068,-53.31,84.969,-95.0,-126.208,0.595,0.1521,0.0131,0.2928,0.457,0.2498,2.2706,0.5946
24.775,-3.692,-88.571,90.286,-65.978,-119.956,0.398,2.886,-53.675,84.167,-95.0,-134.814,0.534,0.1439,-0.001,0.294,0.4208,0.2022,2.3317,0.5338
24.7973,-3.077,-81.451,88.967,-74.769,-122.593,0.398,0.454,-52.704,81.964,-95.0,-129.893,0.379,0.1226,0.0052,0.2966,0.3517,0.1881,2.2937,0.3793
24.8306,-2.022,-74.593,87.297,-81.714,-125.143,0.398,-4.499,-48.985,76.53,-95.0,-126.187,0.682,0.1332,0.0165,0.3063,0.3409,0.1598,2.3088,0.6819
25.331,-4.396,-48.923,78.945,-94.374,-126.813,0.531,-0.995,-66.156,91.873,-83.579,-122.799,0.35,0.1645,0.0067,0.2758,0.5763,0.3884,2.1505,0.3498
25.3538,-4.571,-49.011,78.945,-94.374,-126.725,0.531,0.125,-54.447,86.325,-95.0,-127.498,0.337,0.1475,0.004,0.2816,0.4785,0.2769,2.2363,0.3366
25.3868,-3.956,-49.714,79.209,-94.022,-126.022,0.531,2.016,-53.107,82.638,-95.0,-131.415,-0.159,0.1377,-0.0012,0.2893,0.4074,0.2129,2.2872,-0.1587
25.4311,-2.286,-51.473,81.055,-93.231,-125.143,0.465,-0.235,-54.083,83.561,-95.0,-132.908,0.538,0.1208,0.004,0.2851,0.3079,0.192,2.3691,0.5384
25.4536,-0.615,-52.527,83.78,-93.67,-125.231,0.332,1.331,-54.206,82.774,-95.0,-136.129,0.194,0.118,0.0013,0.2864,0.2803,0.0805,2.3933,0.1944
25.487,0.44,-52.791,85.187,-94.198,-127.429,0.332,1.207,-54.182,82.105,-95.0,-135.503,-0.249,0.106,0.0008,0.2878,0.2269,0.109,2.3951,-0.2494
25.5313,0.615,-52.879,85.187,-94.286,-130.857,0.332,2.204,-53.995,80.26,-95.0,-139.412,-0.067,0.099,-0.0032,0.2909,0.1031,0.089,2.4614,-0.0674
25.5537,0.703,-53.143,84.484,-94.286,-132.967,0.332,1.501,-54.48,80.011,-95.0,-137.592,0.554,0.0889,0.0006,0.29,0.0364,0.007,2.4339,0.5538
25.5875,0.879,-53.231,83.341,-94.286,-135.077,0.332,2.03,-55.402,81.046,-95.0,-141.163,0.985,0.0737,-0.0017,0.286,-0.0437,-0.0014,2.4919,0.9853
25.6315,1.055,-53.582,82.901,-94.374,-136.835,0.465,3.502,-55.763,80.823,-95.0,-144.584,0.248,0.0674,-0.0052,0.2854,-0.1129,-0.0597,2.5212,0.2476
25.654,1.231,-54.286,82.901,-94.374,-138.33,0.531,0.131,-55.581,79.421,-95.0,-143.778,-0.526,0.0476,0.0022,0.2876,-0.2231,-0.0286,2.5657,-0.5255
25.6874,2.022,-54.637,82.813,-94.374,-140.615,0.332,1.378,-56.446,79.726,-95.0,-145.702,0.041,0.0404,-0.0011,0.2856,-0.3259,-0.0525,2.5701,0.0413
25.7321,2.637,-54.813,82.549,-94.374,-142.374,0.266,0.374,-57.208,80.684,-95.0,-144.175,0.027,0.0217,0.003,0.2831,-0.3329,-0.0998,2.5495,0.0268
25.7542,1.846,-55.341,82.11,-94.286,-143.516,0.266,1.597,-57.104,79.852,-95.0,-149.116,-0.153,0.0289,-0.0016,0.284,-0.4231,-0.0903,2.6117,-0.1528
25.7876,1.231,-55.868,82.198,-94.286,-143.956,0.266,0.612,-59.31,82.731,-95.0,-146.338,-0.473,0.007,0.0002,0.2769,-0.4911,-0.0522,2.5793,-0.4727
25.8346,1.055,-56.308,82.11,-94.374,-143.78,0.266,-2.117,-60.794,85.137,-95.0,-149.224,0.81,0.0183,0.0059,0.2712,-0.5148,-0.0546,2.6719,0.8096
25.8546,0.967,-57.275,82.462,-94.374,-144.835,0.266,-2.643,-58.369,81.507,-95.0,-149.062,0.122,0.0175,0.0066,0.2807,-0.4753,-0.0093,2.6858,0.1215
25.8877,0.0,-58.769,83.868,-94.374,-146.505,0.465,-1.38,-59.924,82.885,-95.0,-150.558,0.381,0.0273,0.0037,0.2776,-0.5444,-0.032,2.6806,0.381
25.932,-1.319,-59.121,85.011,-94.374,-147.736,0.332,-6.099,-61.483,85.69,-95.0,-144.481,1.295,0.0229,0.0159,0.2716,-0.5072,-0.0185,2.6594,1.2948
25.9548,-1.407,-59.209,84.571,-94.374,-148.615,0.332,-0.671,-60.29,83.633,-95.0,-154.364,1.971,0.0227,0.0012,0.2765,-0.5378,0.0072,2.7407,1.9713
25.9879,-1.319,-60.0,84.484,-94.374,-149.319,0.797,-4.461,-61.248,84.633,-95.0,-152.645,2.783,0.0272,0.0108,0.2739,-0.5799,-0.0424,2.7603,2.7829
26.0323,-1.67,-60.176,84.484,-94.374,-150.022,1.262,-2.164,-59.344,81.936,-95.0,-157.211,2.913,0.0283,0.0029,0.2806,-0.5723,0.0287,2.8214,2.9135
26.0548,-2.022,-60.615,84.835,-94.374,-151.253,1.992,-3.65,-61.515,85.672,-95.0,-157.211,5.432,0.0254,0.0077,0.2726,-0.5348,0.0018,2.8399,5.4317
26.0883,-2.022,-60.527,84.923,-94.374,-152.484,2.324,-2.32,-60.136,82.751,-95.0,-152.881,3.95,0.0189,0.0058,0.2788,-0.575,0.0102,2.7328,3.9497
26.1326,-2.11,-60.352,84.747,-94.374,-154.418,3.054,-1.313,-60.916,84.506,-95.0,-157.211,3.644,0.0265,0.0006,0.2752,-0.5343,-0.0182,2.8321,3.6439
26.1551,-2.989,-60.352,84.747,-94.374,-155.473,3.785,-3.798,-59.801,82.656,-95.0,-157.211,4.447,0.0254,0.003,0.2792,-0.5543,-0.0483,2.9123,4.4465
26.1888,-2.374,-60.352,84.835,-94.374,-156.0,3.652,-5.032,-59.365,81.554,-95.0,-157.211,3.171,0.0326,0.0055,0.2811,-0.6037,-0.0574,2.9251,3.1709
26.233,-1.846,-60.088,85.187,-94.374,-156.352,3.519,-2.965,-60.0,83.085,-95.0,-157.211,3.835,0.0286,0.0052,0.2781,-0.5343,-0.061,2.8527,3.8349
26.2554,-2.637,-59.824,84.484,-94.374,-156.615,3.652,-2.0,-58.953,81.072,-95.0,-157.211,3.334,0.0242,0.0007,0.2823,-0.5717,-0.0429,2.86,3.3342
26.2888,-3.78,-59.824,83.956,-94.374,-156.879,3.586,-3.913,-60.299,83.484,-95.0,-157.211,2.424,0.015,0.0048,0.2769,-0.558,-0.0669,2.9021,2.4242
26.3334,-3.956,-59.473,83.78,-94.374,-156.879,3.386,-1.688,-59.493,81.373,-95.0,-157.211,2.879,0.023,0.0002,0.281,-0.6173,-0.0834,2.8521,2.8794
26.3556,-3.516,-59.648,83.956,-94.374,-156.879,2.988,-0.755,-59.306,81.979,-95.0,-157.211,2.013,0.0235,0.0011,0.2805,-0.529,-0.0501,2.8144,2.0135
26.3891,-2.813,-59.736,84.308,-94.374,-156.791,2.922,-3.05,-60.433,84.015,-95.0,-157.211,1.472,0.0159,0.0058,0.2758,-0.527,-0.0408,2.8534,1.4719
26.4336,-2.022,-59.56,84.22,-94.374,-156.791,2.59,-3.139,-60.24,83.626,-95.0,-157.211,3.102,0.019,0.0027,0.2766,-0.5409,-0.0425,2.8898,3.102
26.4559,-1.934,-59.736,84.132,-94.374,-156.791,2.125,1.653,-58.906,81.534,-95.0,-157.211,3.397,0.0111,-0.007,0.282,-0.5086,-0.0033,2.8007,3.3968
26.4892,-2.374,-59.824,84.308,-94.374,-156.791,2.39,-1.059,-59.381,82.227,-95.0,-157.211,3.101,0.033,-0.0028,0.2802,-0.5177,-0.0666,2.8735,3.101
26.5336,-2.286,-59.385,84.132,-94.374,-156.791,2.855,-3.178,-59.636,82.595,-95.0,-157.211,2.514,0.0243,0.0028,0.2787,-0.5496,-0.0467,2.89,2.5145
26.5568,-1.407,-59.297,83.868,-94.374,-156.791,2.722,-0.172,-60.036,82.753,-95.0,-157.211,1.882,0.016,-0.0081,0.2781,-0.5778,-0.0884,2.8882,1.882
26.5896,-1.319,-59.385,83.956,-94.374,-156.791,2.523,-1.103,-58.787,81.035,-95.0,-157.211,2.118,0.0181,-0.001,0.2821,-0.5567,-0.0563,2.842,2.1178
26.6339,-2.198,-59.56,83.956,-94.374,-156.791,2.258,-2.384,-59.646,82.282,-95.0,-157.211,1.756,0.0191,0.005,0.2791,-0.5689,-0.0641,2.8263,1.7563
26.6564,-2.022,-59.209,83.692,-94.374,-156.879,2.191,-2.487,-58.389,80.598,-95.0,-157.211,2.412,0.0245,0.0042,0.283,-0.555,-0.0217,2.8383,2.4118
26.6899,-1.495,-59.297,83.429,-94.374,-156.879,2.058,-3.691,-58.024,80.042,-95.0,-157.211,3.599,0.0252,0.0066,0.2841,-0.5475,-0.1104,2.8684,3.5994
26.7341,-2.11,-59.121,83.253,-94.374,-156.791,2.191,1.247,-60.461,83.185,-95.0,-157.211,2.222,0.0308,-0.0075,0.2769,-0.5972,-0.0405,2.8123,2.2219
26.7566,-2.901,-58.593,82.901,-94.374,-156.791,2.789,-2.095,-59.71,82.816,-95.0,-157.211,1.725,0.0203,0.0008,0.2778,-0.5474,-0.0587,2.8708,1.7247
26.79,-3.077,-59.033,83.077,-94.374,-156.879,2.922,-1.14,-57.596,78.933,-95.0,-157.211,2.18,0.0128,0.001,0.2864,-0.581,-0.0534,2.8198,2.1798
26.8349,-2.549,-59.56,83.692,-94.374,-156.879,2.191,-1.868,-58.416,80.755,-95.0,-157.211,1.545,0.0209,0.0032,0.2831,-0.5301,-0.0425,2.8315,1.5454
26.8571,-2.022,-59.033,83.341,-94.374,-156.879,2.058,-2.533,-59.103,82.222,-95.0,-157.211,2.861,0.0226,-0.0008,0.2798,-0.5158,-0.0233,2.909,2.8615
26.8903,-1.846,-58.418,82.901,-94.374,-156.791,1.992,-2.94,-61.245,84.843,-95.0,-157.211,4.407,0.0185,0.0027,0.2723,-0.6039,-0.0599,2.8707,4.4065
26.935,-2.022,-58.769,83.165,-94.374,-156.791,1.926,-1.368,-58.385,80.703,-95.0,-157.211,3.073,0.0096,0.0032,0.2825,-0.5363,-0.0714,2.811,3.0729
26.9571,-2.374,-59.824,84.22,-94.374,-156.791,2.855,-1.512,-60.861,84.537,-95.0,-157.211,2.974,0.0181,-0.0031,0.275,-0.5277,-0.0557,2.8941,2.9738
27.4558,-1.846,-60.176,84.923,-94.374,-156.879,3.054,-5.747,-47.848,72.729,-95.0,-156.369,0.329,0.1161,0.0153,0.3093,0.261,0.0818,2.8689,0.329
27.4782,-1.846,-60.176,84.923,-94.374,-156.879,3.054,-2.709,-50.102,75.879,-95.0,-155.246,1.16,0.1041,0.0086,0.3022,0.2314,0.0916,2.8025,1.1596
27.5117,-2.022,-59.648,84.659,-94.374,-156.703,2.457,-5.57,-49.629,74.625,-95.0,-151.769,1.615,0.1022,0.0159,0.3041,0.1808,0.0719,2.792,1.6148
27.5559,-3.077,-57.363,82.989,-94.374,-156.0,1.793,-2.803,-49.928,73.735,-95.0,-156.826,0.87,0.093,0.0083,0.3044,0.0614,0.0807,2.8451,0.8697
27.5783,-3.868,-54.549,80.264,-94.374,-154.857,1.793,-1.762,-50.75,75.41,-95.0,-156.148,1.312,0.0848,0.0064,0.3002,0.0953,0.0657,2.8136,1.3115
27.6116,-4.659,-52.352,78.33,-94.374,-153.451,1.461,-3.266,-48.78,71.413,-95.0,-154.286,1.234,0.0764,0.0095,0.3076,0.0037,0.0868,2.8131,1.2339
27.6561,-3.956,-51.736,77.802,-94.374,-153.538,1.394,-2.126,-52.354,76.972,-95.0,-157.211,0.621,0.0667,0.0064,0.2939,-0.0403,0.0093,2.8504,0.6212
27.6786,-3.077,-51.297,77.802,-94.286,-154.066,1.394,-0.227,-51.582,74.726,-95.0,-157.211,1.627,0.0603,0.002,0.298,-0.1162,-0.0312,2.8156,1.6274
27.7118,-2.725,-51.121,77.802,-94.286,-155.033,1.062,0.516,-52.334,75.405,-95.0,-157.211,1.434,0.0649,-0.0024,0.2958,-0.1874,0.0287,2.8253,1.434
27.7569,-1.67,-51.297,77.802,-94.374,-155.912,1.262,-2.46,-53.997,77.727,-95.0,-157.211,1.711,0.041,0.0056,0.2889,-0.2664,-0.0119,2.8653,1.7105
27.7788,-0.791,-51.56,77.626,-94.374,-156.264,1.394,-0.018,-53.529,76.946,-95.0,-157.211,1.33,0.0562,0.0025,0.291,-0.2333,-0.0933,2.7975,1.3305
27.812,-0.967,-52.264,77.89,-94.374,-156.615,1.394,-3.922,-53.109,75.046,-95.0,-157.211,3.693,0.0343,0.0093,0.2937,-0.3839,-0.0143,2.8711,3.6928
27.8563,-1.582,-52.615,78.33,-94.374,-156.703,1.394,-2.664,-54.322,76.624,-95.0,-157.211,2.384,0.036,0.0042,0.2899,-0.4173,-0.0283,2.8762,2.3836
27.8795,-2.549,-52.615,77.978,-94.374,-156.703,1.859,-2.515,-54.909,77.661,-95.0,-157.211,2.302,0.0304,0.0041,0.2876,-0.4165,-0.0111,2.8688,2.3015
27.9123,-3.253,-53.143,77.626,-94.374,-156.703,2.324,-2.48,-56.286,79.205,-95.0,-157.211,4.295,0.0281,0.0014,0.2835,-0.4804,-0.0501,2.8967,4.2949
27.9565,-2.989,-53.846,77.802,-94.374,-156.791,2.258,-2.827,-56.137,78.857,-95.0,-157.211,4.033,0.0424,0.0005,0.2847,-0.481,-0.0493,2.9236,4.0325
27.9791,-2.725,-54.637,78.945,-94.374,-156.791,2.457,0.034,-56.315,78.503,-95.0,-157.211,4.566,0.0297,-0.0065,0.2859,-0.5,-0.0623,2.8777,4.5656
28.0125,-2.374,-55.077,79.385,-94.374,-156.791,3.254,-2.612,-58.497,81.792,-95.0,-157.211,3.91,0.0404,-0.0036,0.2781,-0.5499,-0.0648,2.9524,3.9102
28.0567,-2.11,-55.516,79.209,-94.374,-156.791,3.785,-2.742,-56.533,79.28,-95.0,-157.211,3.974,0.0296,-0.0001,0.2847,-0.4621,-0.1019,2.9305,3.9738
28.0795,-1.495,-56.396,79.912,-94.374,-156.791,3.785,-4.297,-59.046,82.839,-95.0,-157.211,4.709,0.0276,0.0033,0.2766,-0.5153,-0.0839,2.9427,4.7094
28.1127,-1.495,-57.099,81.055,-94.374,-156.791,3.718,-2.63,-58.064,81.062,-95.0,-157.211,3.633,0.0362,0.0007,0.2811,-0.5066,-0.0612,2.9002,3.6332
28.1573,-2.813,-57.802,81.846,-94.374,-156.791,4.117,-1.267,-58.533,81.274,-95.0,-157.211,3.576,0.0276,-0.004,0.2812,-0.5248,-0.0657,2.8985,3.5758
28.1796,-3.516,-57.802,82.637,-94.374,-156.791,3.984,-3.769,-57.375,79.063,-95.0,-157.211,3.436,0.0306,0.0027,0.2856,-0.5714,-0.0677,2.9212,3.4357
28.2129,-2.637,-57.802,82.462,-94.374,-156.791,3.718,-3.118,-57.519,79.812,-95.0,-157.211,4.387,0.0321,-0.0004,0.2845,-0.5184,-0.0785,2.9388,4.3871
28.2574,-2.11,-57.802,81.934,-94.374,-156.791,3.586,-4.266,-59.145,82.383,-95.0,-157.211,2.982,0.0255,0.0047,0.2782,-0.5472,-0.0327,2.9134,2.9816
28.2798,-2.462,-57.714,81.67,-94.374,-156.791,3.851,-2.904,-58.581,81.568,-95.0,-157.211,4.041,0.0408,0.0009,0.2803,-0.5249,-0.0545,2.9086,4.0413
28.3131,-3.253,-58.242,82.286,-94.374,-156.791,3.918,-0.887,-58.887,81.692,-95.0,-157.211,3.175,0.0216,-0.0067,0.2807,-0.527,-0.0354,2.9136,3.1752
28.3576,-3.253,-58.418,82.813,-94.374,-156.791,3.918,-3.087,-57.911,80.627,-95.0,-157.211,3.387,0.03,-0.0022,0.2835,-0.497,-0.0095,2.9562,3.3868
28.3802,-2.462,-58.418,82.725,-94.374,-156.791,3.652,-3.835,-58.121,81.014,-95.0,-157.211,4.263,0.0311,0.0043,0.2822,-0.4945,-0.0631,2.913,4.2627
28.4134,-2.11,-58.242,82.725,-94.374,-156.791,3.519,-1.909,-59.363,82.534,-95.0,-157.211,3.713,0.0348,0.0023,0.2782,-0.5297,-0.0554,2.845,3.7129
28.4577,-2.549,-58.242,82.725,-94.374,-156.791,3.785,-3.521,-57.027,79.724,-95.0,-157.211,4.305,0.033,0.0017,0.2856,-0.4493,-0.0532,2.9384,4.3046
28.4806,-2.901,-58.505,82.901,-94.374,-156.791,3.851,-1.743,-59.088,82.289,-95.0,-157.211,3.522,0.025,-0.0016,0.2795,-0.4935,-0.0889,2.8988,3.522
28.5138,-3.165,-58.505,83.077,-94.374,-156.791,3.984,-0.297,-58.953,81.653,-95.0,-157.211,3.004,0.0354,-0.0074,0.281,-0.5213,-0.0634,2.9002,3.0042
28.5579,-2.901,-58.418,83.077,-94.374,-156.791,3.785,-1.536,-58.876,82.022,-95.0,-157.211,4.002,0.0301,-0.0018,0.2802,-0.4894,-0.064,2.8907,4.0024
28.5805,-1.846,-58.505,83.077,-94.374,-156.791,3.386,-3.866,-57.575,79.847,-95.0,-157.211,4.293,0.0264,0.0034,0.2846,-0.5213,-0.0625,2.9184,4.2925
28.614,-1.319,-58.505,83.077,-94.374,-156.791,3.652,-3.114,-59.647,82.527,-95.0,-157.211,4.312,0.0322,0.0017,0.2779,-0.5778,-0.0769,2.8957,4.3123
28.6581,-2.374,-58.242,82.813,-94.374,-156.791,3.984,-3.664,-59.109,82.765,-95.0,-157.211,3.547,0.0298,0.0034,0.2783,-0.4836,-0.0387,2.9165,3.547
28.6807,-2.813,-58.154,82.462,-94.374,-156.791,3.984,-3.721,-60.308,84.181,-95.0,-157.211,3.947,0.0288,0.0006,0.2746,-0.5345,-0.0523,2.9465,3.947
28.7141,-3.341,-58.593,82.901,-94.374,-156.791,3.851,-1.423,-58.152,80.84,-95.0,-157.211,4.12,0.0141,-0.0007,0.283,-0.4925,-0.0336,2.8688,4.1201
28.7586,-3.516,-59.209,84.132,-94.374,-156.791,3.851,-4.114,-58.443,81.506,-95.0,-157.211,3.698,0.0348,0.0035,0.2819,-0.4767,-0.0463,2.9402,3.6977
28.7809,-2.989,-59.121,84.396,-94.374,-156.791,3.984,-3.062,-58.859,81.925,-95.0,-157.211,4.634,0.0405,0.0021,0.2808,-0.4904,-0.0564,2.9082,4.6342
28.8143,-2.11,-58.769,83.78,-94.374,-156.791,3.851,-4.015,-59.286,82.875,-95.0,-157.211,4.51,0.0238,0.0007,0.2784,-0.49,-0.041,2.9639,4.5101
28.8595,-2.286,-58.769,83.604,-94.374,-156.791,3.984,-3.411,-58.405,81.195,-95.0,-157.211,3.895,0.0372,0.0022,0.2819,-0.513,-0.0292,2.9126,3.8951
28.8812,-3.077,-58.769,83.692,-94.374,-156.791,4.183,-4.098,-57.967,80.201,-95.0,-157.211,4.2,0.0287,0.0056,0.2838,-0.5368,-0.0683,2.9044,4.2002
28.9146,-3.516,-58.505,83.516,-94.374,-156.791,3.984,-3.711,-59.643,83.248,-95.0,-157.211,4.399,0.0344,0.0043,0.2772,-0.5053,-0.0527,2.9093,4.3993
28.9481,-3.78,-58.33,82.989,-94.374,-156.791,4.05,-3.662,-58.932,82.318,-95.0,-157.211,3.713,0.0337,0.0034,0.2794,-0.4863,-0.0642,2.9238,3.7134
28.9928,-3.78,-58.593,83.253,-94.374,-156.791,4.117,-1.812,-60.274,84.136,-95.0,-157.211,4.122,0.0351,-0.0018,0.2756,-0.4984,-0.037,2.9008,4.122
29.0149,-3.692,-58.857,83.692,-94.374,-156.791,3.984,-1.452,-58.768,81.822,-95.0,-157.211,5.364,0.0299,-0.0022,0.2812,-0.4725,-0.0688,2.8968,5.3636
29.0483,-3.165,-59.121,83.868,-94.374,-156.791,4.05,-3.212,-58.956,82.585,-95.0,-157.211,5.223,0.0321,0.0009,0.2798,-0.4559,-0.0037,2.9301,5.2226
29.0974,-2.286,-59.385,84.308,-94.374,-156.791,4.582,-2.308,-59.025,82.063,-95.0,-157.211,5.7,0.0316,-0.0005,0.2805,-0.4935,-0.0772,2.9055,5.6996
29.5458,-2.462,-59.121,83.956,-94.374,-156.791,5.511,-0.599,-50.202,75.891,-95.0,-157.211,2.183,0.1168,0.0038,0.302,0.2386,0.0464,2.8083,2.1832
29.5687,-2.462,-59.121,83.956,-94.374,-156.791,5.511,-1.405,-49.576,74.723,-95.0,-157.211,1.267,0.1009,0.0025,0.3045,0.2246,0.057,2.8592,1.2667
29.6016,-2.11,-58.242,83.516,-94.374,-156.791,4.914,0.788,-50.38,75.529,-95.0,-157.211,1.692,0.0992,-0.0022,0.3022,0.1839,0.0775,2.8174,1.6919
29.6459,-1.407,-56.044,81.407,-94.374,-156.791,3.453,-0.541,-50.645,75.221,-95.0,-155.647,0.236,0.0946,0.0038,0.3012,0.1028,0.0546,2.7806,0.2357
29.6684,-0.791,-53.319,79.297,-94.374,-156.703,2.457,1.781,-49.463,73.122,-95.0,-157.211,0.476,0.0742,-0.0033,0.3051,0.095,0.0169,2.789,0.476
29.7019,-0.176,-51.824,78.505,-94.462,-156.352,1.594,-0.722,-51.259,76.345,-95.0,-155.316,0.97,0.0918,0.0041,0.2973,0.0899,0.0537,2.7779,0.9695
29.7461,0.0,-50.945,78.154,-94.462,-156.264,1.262,-0.246,-50.383,74.278,-95.0,-157.211,1.549,0.0773,0.002,0.301,0.0327,0.0267,2.8143,1.5487
29.7686,0.527,-50.945,77.626,-94.286,-156.352,1.262,-1.38,-50.726,74.524,-95.0,-156.43,-0.659,0.0801,0.006,0.2998,-0.0053,0.0108,2.8068,-0.6587
29.8026,0.176,-50.945,77.538,-94.374,-156.0,1.262,0.876,-52.328,76.08,-95.0,-157.211,0.386,0.0693,-0.0012,0.2945,-0.1281,-0.0135,2.8001,0.3864
29.8466,-0.44,-50.945,77.275,-94.374,-156.264,0.93,0.468,-51.223,74.763,-95.0,-156.76,0.536,0.0814,0.0018,0.2983,-0.0633,-0.0273,2.7797,0.5359
29.8692,-0.703,-51.385,77.275,-94.374,-156.703,0.531,-1.646,-51.901,75.459,-95.0,-153.647,1.288,0.0771,0.0068,0.2961,-0.117,0.0107,2.7647,1.2879
29.9024,-0.088,-51.56,77.275,-94.374,-156.615,0.664,0.885,-51.998,75.316,-95.0,-156.295,1.391,0.0711,0.0007,0.2961,-0.1381,-0.0319,2.7635,1.3905
29.9469,-0.264,-51.473,77.275,-94.374,-156.0,0.863,1.774,-52.923,76.697,-95.0,-157.211,1.123,0.0628,-0.0049,0.2927,-0.1643,-0.0143,2.8045,1.1227
29.9693,-0.703,-51.473,77.275,-94.374,-155.473,1.062,1.792,-53.511,77.603,-95.0,-157.211,0.671,0.0614,-0.005,0.2906,-0.1764,0.0074,2.8014,0.6712
